article_id,article_num,infraction_desc,categorie_vehicule,amende_fixe,points_retrait,type_article,mots_cles,has_vitesse,has_alcool,has_ceinture,has_telephone,has_stationnement,has_feu_rouge,has_suspension,has_prison,has_recidive,has_transport
ART_001,1,ال يجوز ألي شخص أن يسوق مركبة ذات محرك أو مجموعة مركبات على الطريق العمومية ما لم يكن حاصال على رخصة للسياقة سارية الصالحية ومسلمة من قبل اإلدارة، تناسب صنف .املركبة أو مجموعة املركبات التي يسوقها,voiture,,,definition,مركبات | للسياقه | صنف | يسوق | محرك,0,0,0,0,0,0,0,0,0,0
ART_002,2,: استثناء من أحكام املادة األولى أعاله يجوز للمغاربة القاطنين بالخارج أن يسوقوا، داخل التراب الوطني، خالل مدة أقصاها- 1 سنة واحدة ابتداء من إقامتهم باملغرب، بواسطة رخصة السياقة املسلمة لهم بالخارج سارية,non_specifie,,,definition,املسلمه | مده | بواسطه | خالل | سنه,0,0,0,0,0,0,0,0,0,0
ART_003,3,يجب على السائقين الحاصلين على رخصة سياقة مسلمة بالخارج، بعد انصرام املدة املشار إليها في املادة السابقة، أن يتقدموا المتحانات الحصول على رخصة السياقة املغربية، أو أن يطلبوا تبديل .رخصتهم للسياقة تطبيقا للفقرات املوالية,non_specifie,,,definition,مقابل | سياقه | الحاصلين | وفق | رخصه,0,0,0,0,0,0,0,0,0,0
ART_004,4,في حالة السير الدولي ووفقا لالتفاقية الدولية للسير على الطرق، تسلم الهيئات املؤهلة لذلك من .قبل اإلدارة، رخصة دولية للسياقة موضوعة في دفتر خاص يجوز للسائقين من جنسية أجنبية، الحاصلين على رخصة دولية للسياقة، السياقة على التراب,non_specifie,,,definition,للسياقه | املده | الحاصلين | الوطني | للسير,0,0,0,0,0,0,0,0,0,0
ART_005,5,من13 بتاريخ1.16.106 الصادر بتنفيذه الظهري الرشيف رقم116.14 (غريت ومتمت مبوجب املادة األوىل من القانون رقم )5866 :)، ص2016 أغسطس11( 1437 ذي القعدة7 بتاريخ6490 )، ج.ر عدد2016 يوليو18 ( 1437 شوال استثناء من أحكام املادة األولى أعاله، يجوز للسائقين العسكريين الحاصلين على إجازة السياقة,non_specifie,,,sanction,السلطه | شريطه | املحدده | املركبات | املسلمه,0,0,0,0,0,0,0,0,0,0
ART_006,6,ال يجوز ألي كان سياقة مركبة فالحية ذات محرك أو مركبة غابوية ذات محرك أو أريبة لألشغال العمومية أو أريبة خاصة ذات محرك، على الطريق العمومية، مالم يكن حاصال على رخصة للسياقة .مسلمة طبقا للمادة األولى أعاله,vehicule_motorise,,,definition,محرك | ذات | مركبه | العموميه | اصناف,0,0,0,0,0,0,0,0,0,0
ART_007,7,من13 بتاريخ1.16.106 الصادر بتنفيذه الظهري الرشيف رقم116.14 (غريت ومتمت مبوجب املادة األوىل من القانون رقم )5866 :)، ص2016 أغسطس11( 1437 ذي القعدة7 بتاريخ6490 )، ج.ر عدد2016 يوليو18 ( 1437 شوال .يحدد صنف رخصة السياقة حسب صنف أو أصناف املركبة التي يمكن سياقتها,moto,,,definition,صنف | يتجاوز | كيلوغراما | وزنها | االجمالي,0,0,0,0,0,0,0,0,0,0
ART_008,8,من13 بتاريخ1.16.106 الصادر بتنفيذه الظهري الرشيف رقم116.14 (غريت ومتمت مبوجب املادة األوىل من القانون رقم )5866 :)، ص2016 أغسطس11(1437 ذي القعدة7 بتاريخ6490 )، ج.ر عدد2016 يوليو18( 1437 شوال ال يسمح كل صنف من أصناف رخصة السياقة إال بسياقة صنف املركبات املقابل له فقط كما هو,moto,,,sanction,الصنف | ايضا | صنف | بالنسبه | شريطه,0,0,0,0,0,0,0,0,0,0
ART_009,9,يجب اإلدالء برخصة السياقة أو بالوثيقة التي تحل محلها إلى األعوان املكلفين بمراقبة تطبيق .أحكام هذا القانون والنصوص الصادرة لتطبيقه، كلما طلبوا ذلك األمانة العامة للحكومة,non_specifie,,,definition,شروط | احكام | تطبيق | الثالث | االدالء,0,0,0,0,0,0,0,0,0,0
ART_010,10,من13 بتاريخ1.16.106 الصادر بتنفيذه الظهري الرشيف رقم116.14 (غريت ومتمت مبوجب املادة األوىل من القانون رقم )5866 :)، ص2016 أغسطس11( 1437 ذي القعدة7 بتاريخ6490 )، ج.ر عدد2016 يوليو18 ( 1437 شوال : تسلم رخصة السياقة إلى املترشح بعد اجتيازه بنجاح,voiture,,,sanction,والتنظيميه | التشريعيه | االحكام | محرك | مراقبه,0,0,0,0,0,0,0,0,0,0
ART_011,11,من13 بتاريخ1.16.106 الصادر بتنفيذه الظهري الرشيف رقم116.14 (غريت ومتمت مبوجب املادة األوىل من القانون رقم )5867 :)، ص2016 أغسطس11( 1437 ذي القعدة7 بتاريخ6490 )، ج.ر عدد2016 يوليو18 ( 1437 شوال ،ال يجوز ألي كان أن يتقدم الجتياز امتحان الحصول على رخصة سياقة إحدى أصناف املركبات,moto,,,sanction,الصنف | للحصول | كامله | سنه | املركبات,0,0,0,0,0,0,0,0,0,0
ART_012,12,،يخضع وجوبا كل مترشح الختبارات امتحان الحصول على رخصة السياقة لفحص طبي مسبق الغاية منه التأكد من أن قدراته البدنية والعقلية تمكنه من سياقة مركبة على الطريق العمومية دون خطر وخاصة التأكد من أنه غير مصاب بأحد األمراض التي تمنع السياقة واملحددة قائمتها من قبل,vehicule_motorise,,,definition,الوطني | امتحان | الحصول | الوطنيه | السياقه,0,0,0,0,0,0,0,0,0,0
ART_013,13,إذا كان املترشح الختبارات امتحان الحصول على رخصة السياقة مصابا بعجز بدني ال يتنافى مع سياقة املركبات ذات محرك، أمكن تعويض هذا العجز بتهيئة خاصة للمركبة أو بواسطة حمل .وباستعمال أجهزة طبية أو هما معا، من قبل السائق تبعا لتعليمات الطبيب الذي أجرى الفحص الطبي,vehicule_motorise,,,definition,هما | معا | الفحص | الطبيه | الطبي,0,0,0,0,0,0,0,0,0,0
ART_014,14,بتاريخ1.16.106 الصادر بتنفيذه الظهري الرشيف رقم116.14 (نسخت وعوضت مبوجب املادة الثانية من القانون رقم )5879 :)، ص2016 أغسطس11( 1437 ذي القعدة7 بتاريخ6490 )، ج.ر عدد2016 يوليو18( 1437 من شوال13 .يجب على كل شخص حاصل على رخصة السياقة الخضوع لفحص طبي كل عشر سنوات,non_specifie,,,sanction,طبي | انه | للنقل | لهذه | الحاصلين,0,0,0,0,0,0,0,0,0,0
ART_015,15,: أعاله14 و12 عالوة على الفحوص الطبية املنصوص عليها في املادتين يخضع لفحص طبي كل شخص حاصل على رخصة سياقة أصيب بمرض أو بعجز منصوص- 1 عليه في قائمة تضعها اإلدارة، بعد استشارة املجلس الوطني لهيئة األطباء الوطنية، وذلك داخل أجل,non_specifie,,,definition,طبي | حاصل | اثر | الطبي | الفحص,0,0,0,0,0,0,0,0,0,0
ART_016,16,تجرى الفحوص الطبية اإلجبارية املفروضة بموجب هذا القانون من قبل أطباء من القطاع العام بعده. ويقوم عند االقتضاء21 أو من القطاع الخاص يستوفون الشروط املنصوص عليها في املادة .بإجراء الفحص متخصص أو متخصصون حسب طبيعة الفحص الالزم إجراؤه,non_specifie,,,definition,الفحص | بموجب | الطبيه | بعده | االقتضاء,0,0,0,0,0,0,0,0,0,0
ART_017,17,بتاريخ1.16.106 الصادر بتنفيذه الظهري الرشيف رقم116.14 (نسخت وعوضت مبوجب املادة الثانية من القانون رقم )5879 :)، ص2016 أغسطس11( 1437 ذي القعدة7 بتاريخ6490 )، ج.ر عدد2016 يوليو18 ( 1437 من شوال13 أعاله، شهادة إلى املعني باألمر14 و12 يسلم الطبيب الذي قام بالفحص الطبي وفق أحكام املادتين,non_specifie,,,sanction,الطبي | الفحص | انه | باالمر | املعني,0,0,0,0,0,0,0,0,0,0
ART_018,18,من13 بتاريخ1.16.106 الصادر بتنفيذه الظهري الرشيف رقم116.14 (غريت ومتمت مبوجب املادة األوىل من القانون رقم )5867 :)، ص2016 أغسطس11( 1437 ذي القعدة7 بتاريخ6490 )، ج.ر عدد2016 يوليو18( 1437 شوال أعاله، إلى اإلدارة املختصة، نسخة15 يوجه الطبيب الذي قام بالفحص الطبي، طبقا ألحكام املادة,moto,,,sanction,استعمال | طبي | هما | انه | معا,0,0,0,0,0,0,1,0,0,0
ART_019,19,،إذا نازع صاحب رخصة السياقة أو اإلدارة في استنتاجات الطبيب املضمنة في الشهادة الطبية يخضع املعني باألمر، بطلب منه أو بطلب من اإلدارة، لفحص طبي مضاد تجريه لجنة طبية لالستئناف . بعده21 تتكون وفق أحكام املادة,non_specifie,,,definition,الطبيه | طبي | قام | الفحص | الطبي,0,0,0,0,0,0,0,0,0,0
ART_020,20,إذا نازع صاحب رخصة السياقة أو اإلدارة في استنتاجات اللجنة الطبية لالستئناف، يخضع املعني باألمر، بطلب منه أو بطلب من اإلدارة، لفحص طبي مضاد يجريه طبيب خبير يعين بأمر من رئيس .املحكمة االبتدائية التابع لدائرة نفوذها املكان الذي يقيم فيه صاحب الرخصة,non_specifie,,,definition,صاحب | طبي | املدنيه | الطبيه | يخضع,0,0,0,0,0,0,0,0,0,0
ART_021,21,19 و16 تعتمد اإلدارة األطباء واألطباء أعضاء اللجنة الطبية لالستئناف املشار إليهم في املادتين أعاله، املؤهلين لتسليم الشهادات الطبية املنصوص عليها في هذا الفرع، إذا أثبتوا توفرهم على معارف علمية وتجهيزات خاصة ومالئمة تحدد اإلدارة الئحتها بعد استطالع رأي املجلس الوطني لهيئة األطباء,non_specifie,,,definition,الطبيه | الوطني | الفرع | الوطنيه | تحدد,0,0,0,0,0,0,0,0,0,0
ART_022,22,يخصص رصيد من النقط لرخصة السياقة. ويخفض هذا الرصيد بقوة القانون إذا أدين صاحب الرخصة من أجل مخالفة تستوجب هذا التخفيض أو أدى الغرامة التصالحية والجزافية في الحاالت .املنصوص عليها في هذا القانون وفي النصوص الصادرة لتطبيقه,non_specifie,,,definition,النقط | رصيد | املخصص | االختباريه | لرخصه,0,0,0,0,0,0,0,0,0,0
ART_023,23,بتاريخ1.16.106 الصادر بتنفيذه الظهري الرشيف رقم116.14 (نسخت وعوضت مبوجب املادة الثانية من القانون رقم )5880 :)، ص2016 أغسطس11( 1437 ذي القعدة7 بتاريخ6490 )، ج.ر عدد2016 يوليو18 ( 1437 من شوال13 أعاله، على رخصة السياقة10 يحصل املترشح الذي اجتاز بنجاح االختبارات املشار إليها في املادة,moto,,,sanction,نقطه | رصيد | يخضع | سنتين | الفتره,0,0,0,0,0,0,0,0,0,0
ART_024,24,بتاريخ1.16.106 الصادر بتنفيذه الظهري الرشيف رقم116.14 (نسخت وعوضت مبوجب املادة الثانية من القانون رقم )5880 :)، ص2016 أغسطس11( 1437 ذي القعدة7 بتاريخ6490 )، ج.ر عدد2016 يوليو18( 1437 من شوال13 تلغى الرخصة بقوة القانون ابتداء من تاريخ فقدان آخر نقطة من الرصيد املخصص لرخصة,non_specifie,,,sanction,جديده | نقطه | الرخصه | لها | سياقه,0,0,0,0,0,0,0,0,0,0
ART_025,25,من13 بتاريخ1.16.106 الصادر بتنفيذه الظهري الرشيف رقم116.14 (نسخت مبوجب املادة الرابعة من القانون رقم )5885 :)، ص2016 أغسطس11( 1437 ذي القعدة7 بتاريخ6490 )، ج.ر عدد2016 يوليو18 ( 1437 شوال,non_specifie,,,sanction,نسخت | بتاريخ | رقم | مبوجب | الظهري,0,0,0,0,0,0,0,0,0,0
ART_026,26,يجب على صاحب رخصة السياقة، الذي فقد خالل الفترة االختبارية أكثر من ثلثي النقط املخصصة .للرخصة املذكورة، أن يخضع لدورة في التربية على السالمة الطرقية تحدد كيفياتها من قبل اإلدارة األمانة العامة للحكومة,non_specifie,,,definition,الفتره | االختباريه | املخصصه | يخضع | انتهاء,0,0,0,0,0,0,0,0,0,0
ART_027,27,من13 بتاريخ1.16.106 الصادر بتنفيذه الظهري الرشيف رقم116.14 (غريت مبوجب املادة األوىل من القانون رقم )5867 :)، ص2016 أغسطس11( 1437 ذي القعدة7 بتاريخ6490 )، ج.ر عدد2016 يوليو18 ( 1437 شوال ، أعاله26 أعاله،ومع مراعاة أحكام املادة23 عند انتهاء الفترة االختبارية املنصوص عليها في املادة,non_specifie,,,sanction,خصم | نقطه | االقظصي | انتهاء | مراعاه,0,0,0,0,0,0,0,0,0,0
ART_028,28,يثبت ارتكاب مخالفة مؤدية إلى خصم عدد من النقط من رصيد رخصة السياقة، بأداء غرامة .تصالحية وجزافية أو بمقرر قضائي باإلدانة حاز قوة الآشيء املقغضي به يتم إخبار مرتكب املخالفة بأن أداء الغرامة التصالحية والجزافية يعد اعترافا بارتكاب املخالفة,non_specifie,,,definition,النقط | خصم | غرامه | باالدانه | رصيد,0,0,0,0,0,0,0,0,0,0
ART_029,29,.يحدد عدد النقط الواجب خصمها تبعا لجسامة املخالفة املرتكبة,non_specifie,,,definition,الواجب | يحدد | النقط | املخالفه | عدد,0,0,0,0,0,0,0,0,0,0
ART_030,30,من13 بتاريخ1.16.106 الصادر بتنفيذه الظهري الرشيف رقم116.14 (غريت مبوجب املادة األوىل من القانون رقم )5867 :)، ص2016 أغسطس11( 1437 ذي القعدة7 بتاريخ6490 )، ج.ر عدد2016 يوليو18 ( 1437 شوال ،يتم إخبار املعني باألمر، عند إشعاره بأن إحدى املخالفات املؤدية إلى خصم النقط قد سجلت عليه,non_specifie,,,sanction,النقط | خصم | لرخصه | عند | املخصص,0,0,0,0,0,0,0,0,0,0
ART_031,31,من13 بتاريخ1.16.106 الصادر بتنفيذه الظهري الرشيف رقم116.14 (غريت مبوجب املادة األوىل من القانون رقم )5867 :)، ص2016 أغسطس11( 1437 ذي القعدة7 بتاريخ6490 )، ج.ر عدد2016 يوليو18( 1437 شوال إذا ثبت ارتكاب مخالفة بأداء غرامة تصالحية وجزافية بين يدي العون محرر املحضر وترتب على,vehicule_motorise,,,sanction,ساعه | محرر | العون | املحضر | سياقه,0,0,0,0,0,0,0,0,0,0
ART_032,32,من13 بتاريخ1.16.106 الصادر بتنفيذه الظهري الرشيف رقم116.14 (غريت مبوجب املادة األوىل من القانون رقم )5867 :)، ص2016 أغسطس11( 1437 ذي القعدة7 بتاريخ6490 )، ج.ر عدد2016 يوليو18( 1437 شوال أعاله وفي حالة فقدانه مجموع النقط ، يتلقى املعني31 في ما عدا الحالة املنصوص عليها في املادة,vehicule_motorise,,,sanction,مجموع | النقط | سياقه | خصم | عدا,0,0,0,0,0,0,0,0,0,0
ART_033,33,) نقط وذلك4( يجوز لصاحب رخصة السياقة، قبل انصرام الفترة االختبارية، أن يسترجع أربع .دون تجاوز الحد األقظصى املخصص لرخصته، إذا خضع لدورة في التربية على السالمة الطرقية,non_specifie,,,definition,خضع | املخصص | االقظصي | الحد | الفتره,0,0,0,0,0,0,0,0,0,0
ART_034,34,من13 بتاريخ1.16.106 الصادر بتنفيذه الظهري الرشيف رقم116.14 (غريت مبوجب املادة األوىل من القانون رقم )5867 :)، ص2016 أغسطس11( 1437 ذي القعدة7 بتاريخ6490 )، ج.ر عدد2016 يوليو18( 1437 شوال ال يجوز للحاصل على رخصة السياقة، الذي فقد مجموع النقط بعد الفترة االختبارية، التقدم من,non_specifie,,,sanction,مجموع | النقط | االختباريه | جديد | الفتره,0,0,0,0,0,0,0,0,0,0
ART_035,35,إذا لم يرتكب صاحب رخصة السياقة مخالفة جديدة معاقبا عليها بخصم النقط، داخل أجل ) سنوات من التاريخ الذي حاز فيه آخر مقرر قضائي باإلدانة قوة الآشيء املقغضي به أو من3( ثالث تاريخ أداء آخر غرامة تصالحية وجزافية، خصص لرخصته من جديد، الرصيد األقظصى من النقط,non_specifie,,,definition,اخر | النقط | باالدانه | غرامه | مخالفه,0,0,0,0,0,0,0,0,0,0
ART_036,36,يمكن أن تحرر رخصة السياقة في حامل يكون قابال ألن تسجل عليه في شكل إلكتروني املعلومات .التي تحتوي عليها الرخصة .تكون للمحرر في شكل إلكتروني نفس القيمة الثبوتية للمحرر على حامل من ورق,non_specifie,,,definition,شكل | اصناف | صنف | حاصل | املعلومات,0,0,0,0,0,0,0,0,0,0
ART_037,37,من13 بتاريخ1.16.106 الصادر بتنفيذه الظهري الرشيف رقم116.14 (متمت مبوجب املادة األوىل من القانون رقم )5867 :)، ص2016 أغسطس11( 1437 ذي القعدة7 بتاريخ6490 )، ج.ر عدد2016 يوليو18( 1437 شوال : يجب أن يتضمن الحامل املحررة فيه رخصة السياقة ، على الخصوص ما يلي,moto,,,sanction,البيانات | صاحب | صنف | املتعلقه | الخصوص,0,0,0,0,0,0,0,0,0,0
ART_038,38,من13 بتاريخ1.16.106 الصادر بتنفيذه الظهري الرشيف رقم116.14 (غريت مبوجب املادة األوىل من القانون رقم )5868 :)، ص2016 أغسطس11( 1437 ذي القعدة7 بتاريخ6490 )، ج.ر عدد2016 يوليو18( 1437 شوال .تحدد مدة صالحية الحامل املحررة فيه رخصة السياقة في عشر سنوات,non_specifie,,,sanction,الحامل | تغيير | الحاله | املحرره | عند,0,0,0,0,0,0,0,0,0,0
ART_039,39,يجب على أصحاب رخصة السياقة أن يقوموا بتغيير الحامل املحررة فيه، إذا قررت اإلدارة ذلك .التغيير، خاصة اعتبارا للتطور التكنولوجي .تحدد اإلدارة نوع وشكل الحامل املحررة فيه رخصة السياقة وكذا كيفيات تغييره,non_specifie,,,definition,املحرره | الحامل | السياقه | رخصه | عدا,0,0,0,0,0,0,0,0,0,0
ART_040,40,من شوال13 بتاريخ1.16.106 الصادر بتنفيذه الظهري الرشيف رقم116.14 (غريت مبوجب املادة األوىل من القانون رقم )5868 :)، ص2016 أغسطس11( 1437 ذي القعدة7 بتاريخ6490 )، ج.ر عدد2016 يوليو18( 1437 ال يجوز ألي كان سياقة املركبات املبينة بعده، بصفة مهنية، إن لم يكن حاصال على بطاقة سائق,non_specifie,,,sanction,مركبات | بطاقه | النقل | سايق | الحموله,0,0,0,0,0,0,0,0,0,0
ART_041,41,،يجب على كل حاصل على بطاقة سائق منهي أن يتابع، كل خمس سنوات، ألجل تجديد هذه البطاقة .تكوينا مستمرا خالل السنة األخيرة من هذه الفترة,non_specifie,,,definition,بطاقه | يجب | الفتره | حاصل | سنوات,0,0,0,0,0,0,0,0,0,0
ART_042,42,: أعاله على41 و40 يجب أن ينصب التكوين التأهيلي والتكوين املستمر املشار إليهما في املادتين -	االستعمال الرشيد للمركبة حسب خصائصها التقنية ؛ اتخاذ موقف مناسب في حاالت االستعجال لتوقع الخطر واحترام املستعملين اآلخرين للطريق,vehicule_motorise,,,definition,قواعد | تطبيق | السالمه | هما | للطريق,0,0,0,0,0,0,0,0,0,0
ART_043,43,يلقن التكوين التأهيلي األولي والتكوين املستمر، املشار إليهما في هذا الباب، بمؤسسات تعتمدها .اإلدارة لهذا الغرض تحدد اإلدارة برنامج التكوين التأهيلي األولي والتكوين املستمر وكيفيات التقييم وكذا نموذج,non_specifie,,,definition,الباب | االولي | تسليمها | بطاقه | وكذا,0,0,0,0,0,0,0,0,0,0
ART_044,44,من13 بتاريخ1.16.106 الصادر بتنفيذه الظهري الرشيف رقم116.14 (غريت مبوجب املادة األوىل من القانون رقم )5868 :)، ص2016 أغسطس11( 1437 ذي القعدة7 بتاريخ6490 )، ج.ر عدد2016 يوليو18( 1437 شوال : يراد في مفهوم هذا القانون بما يلي,voiture,,,definition,دراجه | بمحرك | العجالت | رباعيه | الوزن,0,0,0,0,0,0,0,0,0,0
ART_045,45,يجب صنع املركبات أو مجموعة املركبات وتسويقها واستغاللها واستعمالها وصيانتها وعند االقتضاء، إصالحها، على نحو يؤمن سالمة مستعملي الطريق العمومية ويقلل من استهالك الطاقة .ومن إحداث نفايات غير قابلة إلعادة استعمالها ومن انبعاث مواد ملوثة,non_specifie,,,definition,ومن | املركبات | مستعملي | مواد | وعند,0,0,0,0,0,0,0,0,0,0
ART_046,46,يجب أن تؤمن قواعد صنع وتجهيز املركبات وتهيئتها، حسب االستعمال املخصصة له، والتي تضعها اإلدارة، ضمانات صالبة وسالمة كافية تمكن السائق من التحكم في مركبته ومن التقليص قدر اإلمكان من أخطار الحوادث والعواقب الناجمة عنها، سواء بالنسبة لركاب املركبة أو بالنسبة,non_specifie,,,definition,بالنسبه | العموميه | مستعملي | معا | عنها,0,0,0,0,0,0,0,0,0,0
ART_047,47,تحدد قواعد صنع وتجهيز وتهيئة املركبات الخصائص التقنية أو املعايير املتعلقة على الخصوص بما إطارات العجالت واالتصال باألرض ؛- 2 أبعاد الحمولة وأجهزة الشحن وربط الشحنة ؛- 4,non_specifie,,,definition,اجهزه | لالشخاص | الخاصه | مركبات | الحموله,1,0,0,0,0,0,0,0,0,0
ART_048,48,.يجب أن تجهز كل مركبة وكل مقطورة بأجهزة السالمة ولوازمها .تحدد اإلدارة أجهزة السالمة ولوازمها والقواعد التي تخضع لها األمانة العامة للحكومة,remorque,,,definition,السالمه | تخضع | اجهزه | تحدد | لها,0,0,0,0,0,0,0,0,0,0
ART_049,49,تقوم اإلدارة، قصد التأكد من أن املركبة ذات محرك أو مجموعة املركبات أو الدراجة النارية أعاله، باملصادقة على48 و47 و46 يمكن أن تقبل للسير على الطريق العمومية مع التقيد بأحكام املواد . املذكورتين48 و47 املركبة وذلك بمراقبة خصائصها التقنية أو احترام املعايير املشار إليها في املادتين,non_specifie,,,definition,بمحرك | والدراجات | العجالت | كيلوغراما | املصادقه,0,0,0,0,0,0,0,0,0,0
ART_050,50,يمنع استخدام واستغالل كل مركبة على الطريق العمومية ال تكون خصائصها التقنية مطابقة . أعاله إلى حين مطابقتها لتلك القواعد48 و47 و46 للقواعد املقررة تطبيقا للمواد تطبق أحكام الفقرة األولى من هذه املادة أيضا على كل مقطورة يتجاوز وزنها اإلجمالي املأذون به,remorque,,,definition,كيلوغراما | استخدام | حين | يمنع | خصايصها,0,0,0,0,0,0,0,0,0,0
ART_051,51,تخضع كل مركبة أدخلت عليها، بعد املصادقة عليها، إحدى التغييرات املحددة من قبل اإلدارة إلى,vehicule_motorise,,,definition,املصادقه | تخضع | جديده | عليها | احدي,0,0,0,0,0,0,0,0,0,0
ART_052,52,يمكن لألعوان أو للهيئات املؤهلين قانونا من قبل اإلدارة، القيام بأخذ عينات من املركبات أو من عناصر أو أجهزة املركبات التي سبقت املصادقة عليها، كما هو منصوص عليه في هذا القانون والنصوص الصادرة لتطبيقه، لدى الصانعين أو املستوردين أو وكالء شركات املركبات وذلك ألجل,non_specifie,,,definition,املصادقه | اجهزه | املركبات | املراقبه | لدي,0,0,0,0,0,0,0,0,0,0
ART_053,53,يجب على كل مالك سيارة أو دراجة نارية أو دراجة ثالثية العجالت بمحرك أو دراجة رباعية العجالت ثقيلة بمحرك، أن يقوم بتسجيلها قبل الشروع في استخدامها ألول مرة . وتسلم له شهادة تطبق أحكام الفقرة األولى من هذه املادة على كل مقطورة يتجاوز وزنها اإلجمالي املأذون به محملة,moto,,,definition,دراجه | بمحرك | العجالت | كيلوغراما | وزنها,0,0,0,0,0,0,0,0,0,0
ART_054,54,من13 بتاريخ1.16.106 الصادر بتنفيذه الظهري الرشيف رقم116.14 (غريت مبوجب املادة األوىل من القانون رقم )5869 :)، ص2016 أغسطس11( 1437 ذي القعدة7 بتاريخ6490 )، ج.ر عدد2016 يوليو18( 1437 شوال .تثبت شهادة التسجيل، مع مراعاة صحة تصريح املالك، مطابقة املركبة لخصائص املصادقة,vehicule_motorise,,,sanction,التسجيل | هويه | شهاده | املركبه | رقم,0,0,0,0,0,0,0,0,0,0
ART_055,55,تخضع أيضا للتسجيل، إذا كانت تسير على الطريق العمومية، املركبات الفالحية ذات محرك .واملركبات الغابوية ذات محرك وأريبات األشغال العمومية تطبق أحكام الفقرة األولى من هذه املادة على كل األجهزة الفالحية واألجهزة الغابوية التي يتجاوز وزنها,non_specifie,,,definition,تسير | محرك | ذات | العموميه | كيلوغراما,0,0,0,0,0,0,0,0,0,0
ART_056,56,. لتسجيل خاص تحدده اإلدارة(((تخضع املركبات التي تملكها الدولة أو الجماعات الترابية . من الدستور135 حلت عبارة «الجماعات الترابية» محل عبارة «الجماعات املحلية» بموجب الفصل-1 األمانة العامة للحكومة,non_specifie,,,definition,محل | تخضع | بموجب | الفصل | الدوله,0,0,0,0,0,0,0,0,0,0
ART_057,57,يمكن أن تحرر شهادة تسجيل املركبة في حامل يكون قابال ألن تسجل عليه في شكل إلكتروني .املعلومات التي تحتوي عليها الشهادة والبيانات املتعلقة باملراقبة التقنية .تكون للمحرر في شكل إلكتروني نفس القيمة الثبوتية للمحرر على حامل من ورق,non_specifie,,,definition,شكل | املحرره | الحامل | شهاده | التسجيل,0,0,0,0,0,0,0,0,0,0
ART_058,58,من13 بتاريخ1.16.106 الصادر بتنفيذه الظهري الرشيف رقم116.14 (غريت ومتمت مبوجب املادة األوىل من القانون رقم )5869 :)، ص2016 أغسطس11( 1437 ذي القعدة7 بتاريخ6490 )، ج.ر عدد2016 يوليو18( 1437 شوال .) سنوات10( تحدد مدة صالحية الحامل املحررة فيه شهادة التسجيل في عشر,vehicule_motorise,,,sanction,الحامل | التسجيل | تغيير | املحرره | شهاده,0,0,0,0,0,0,0,0,0,0
ART_059,59,من13 بتاريخ1.16.106 الصادر بتنفيذه الظهري الرشيف رقم116.14 (غريت ومتمت مبوجب املادة األوىل من القانون رقم )5869 :)، ص2016 أغسطس11( 1437 ذي القعدة7 بتاريخ6490 )، ج.ر عدد2016 يوليو18 ( 1437 شوال يجب على كل من تملك مركبة، في حالة تغيير مالكها أو شراء مركبة جديدة أو مركبة سبق تسجيلها,vehicule_motorise,,,sanction,يوما | االجل | مركبه | لدي | املالك,0,0,0,0,0,0,0,0,0,0
ART_060,60,أعاله أيضا على كل شخص يصبح مالكا ملركبة خاضعة للتسجيل، على إثر إرث59 تطبق أحكام املادة أو هبة أو قسمة أو تصفية قضائية أو ممارسة حق استرداد أو تخلي عن ملكية أو بيع قضائي أو بيع . يوما90 املذكورة يرفع إلى59 غير أن األجل املشار إليه في الفقرة األولى من املادة,non_specifie,,,definition,ملكيه | ملركبه | اثر | خاضعه | للتسجيل,0,0,0,0,0,0,0,0,0,0
ART_061,61,يجب أن تكون كل مركبة مسجلة مزودة بصفائح تسجيل تحدد اإلدارة خصائصها وشروط تثبيتها من13 بتاريخ1.16.106 الصادر بتنفيذه الظهري الرشيف رقم116.14 (أضيفت مبوجب املادة الثالثة من القانون رقم )5882 :)، ص2016 أغسطس11( 1437 ذي القعدة7 بتاريخ6490 )، ج.ر عدد2016 يوليو18( 1437 شوال,vehicule_motorise,,,sanction,اضيفت | خصايصها | الثالثه | بتاريخ | رقم,0,0,0,0,0,0,0,0,0,0
ART_062,62,يتم سحب كل مركبة خاضعة للتسجيل من السير بصفة نهائية بعد اإلدالء بتصريح بذلك وفق . املسطرة وداخل األجل املحددين من لدن اإلدارة,vehicule_motorise,,,definition,سحب | خاضعه | للتسجيل | االدالء | االجل,0,0,0,0,0,0,0,0,0,0
ART_063,63,يجب أن تكون شهادة التسجيل أو الوثيقة التي تحل محلها موجودة على متن املركبة أثناء سيرها .على الطريق العمومية األمانة العامة للحكومة,non_specifie,,,definition,والدراجات | العجالت | رباعيه | ثالثيه | اثناء,0,0,0,0,0,0,0,0,0,0
ART_064,64,ال تقبل الدراجات والدراجات ثالثية العجالت والدراجات رباعية العجالت للسير على الطريق : العمومية إال إذا كان مصادقا عليها من قبل اإلدارة، بعد مراقبة خصائصها التقنية وال سيما منها -	إطار العجالت ؛,non_specifie,,,definition,العجالت | والدراجات | ثالثيه | رباعيه | خصايصها,0,0,0,0,0,0,0,0,0,0
ART_065,65,من شوال13 بتاريخ1.16.106 الصادر بتنفيذه الظهري الرشيف رقم116.14 (غريت مبوجب املادة األوىل من القانون رقم )5869 :)، ص2016 أغسطس11( 1437 ذي القعدة7 بتاريخ6490 )، ج.ر عدد2016 يوليو18( 1437 يجب على كل من تملك دراجة بمحرك أو دراجة ثالثية العجالت بمحرك أو دراجة رباعية,vehicule_motorise,,,sanction,دراجه | العجالت | بمحرك | الذكر | امللكيه,0,0,0,0,0,0,0,0,0,0
ART_066,66,من شوال13 بتاريخ1.16.106 الصادر بتنفيذه الظهري الرشيف رقم116.14 (غريت مبوجب املادة األوىل من القانون رقم )5869 :)، ص2016 أغسطس11( 1437 ذي القعدة7 بتاريخ6490 )، ج.ر عدد2016 يوليو18( 1437 .تخضع جميع املركبات الخاضعة للتسجيل، أو لسند امللكية ملراقبة تقنية دورية,non_specifie,,,sanction,تخضع | تغيير | للتسجيل | املركبات | التقنيه,0,0,0,0,0,0,0,0,0,0
ART_067,67,املراقبة التقنية هي العملية التي تهدف إلى التحقق من أن املركبة الخاضعة لهذه املراقبة مطابقة لتشخيصها املحدد بموجب هذا القانون والنصوص الصادرة لتطبيقه، وأنها في حالة جيدة للسير وال يشوبها أي عيب أو خلل أو تآكل ميكانيكي غير عادي وأن أجهزة سالمتها تشتغل بصفة عادية وأنها,non_specifie,,,definition,املراقبه | املقرره | التقنيه | لهذه | بموجب,0,0,0,0,0,0,0,0,0,0
ART_068,68,.يترتب على إجراء كل نوع من أنواع املراقبة التقنية تسليم وثيقة تثبت هذه املراقبة .يجب لزوما أن توجد الوثيقة املذكورة على متن املركبة، أثناء سيرها على الطريق العمومية تحدد اإلدارة دورية املراقبة التقنية ومسطرة املراقبة وأجهزة املركبة الواجب مراقبتها ومصاريف,non_specifie,,,definition,املراقبه | التقنيه | املركبه | شكل | تثبت,0,0,0,0,0,0,0,0,0,0
ART_069,69,،يمكن أن تأمر اإلدارة بإجراء فحوص تقنية مضادة ملركبة سبق أن كانت موضوع مراقبة تقنية بناء على طلب من هيئات االفتحاص واملراقبة املؤهلة لهذا الغرض من قبل اإلدارة أو بناء على طلب .من األعوان محرري املحاضر أو استنادا إلى تقارير تحررها الهيئات أو األعوان املذكورون,non_specifie,,,definition,طلب | االعوان | املركبات | ملركبه | محرري,0,0,0,0,0,0,0,0,0,0
ART_070,70,تعتبر مصابة بأضرار خطيرة كل مركبة خاضعة للتسجيل تعرضت، على إثر حادثة، العوجاج دائم .أضر ببنيتها الحاملة أو ببنية تجميعها كما حددتها الهندسة األصلية للمركبة املقررة من قبل صانع السيارة,voiture,,,definition,اثر | خاضعه | للتسجيل | حادثه | املقرره,0,0,0,0,0,0,0,0,0,0
ART_071,71,إذا لم تعد املركبة صالحة للسير أو أصبحت تشكل خطرا على السالمة الطرقية، بسبب خطورة 102 األضرار الالحقة بها على إثر حادثة، وجب توقيفها وفق الشروط املنصوص عليها في املادتين أدناه. ويقوم حينئذ العون محرر املحضر الذي باشر املعاينات، باالحتفاظ بشهادة التسجيل105و,non_specifie,,,definition,التسجيل | بشهاده | املحضر | شهاده | شروط,0,0,0,0,0,0,0,0,0,0
ART_072,72,،يجب على مالك املركبة أو سائقها أو حائزها إخبار اإلدارة في الحال بإصابة مركبة بأضرار خطيرة .إذا لم يبلغ ذلك إلى علم املصالح املكلفة بمعاينة الحوادث : يقع اإللزام املذكور أيضا على,vehicule_motorise,,,definition,مالك | املركبه | املسوول | مركبه | ملركبه,0,0,0,0,0,0,0,0,0,0
ART_073,73,:يتوقف كل استخدام جديد ملركبة خاضعة للتسجيل أصيبت بأضرار خطيرة، على ما يلي اإلدالء بتقرير خبرة يثبت أن اإلصالحات التي تم القيام بها ال تخل بسالمة مستعملي الطريق العمومية ؛- 1 . مصادقة جديدة- 2,non_specifie,,,definition,مستعملي | صالحيتها | استخدام | بعدم | يتوقف,0,0,0,0,0,0,0,0,0,0
ART_074,74,يجب على مالك كل مركبة خاضعة للتسجيل أصبحت غير قابلة لإلصالح تقنيا على إثر حادثة، أن .يخبر اإلدارة فورا بذلك يجب، في هذه الحالة، أن تسلم إلى اإلدارة، مقابل وصل تحدد هذه األخيرة شكله ومضمونه، شهادة,vehicule_motorise,,,definition,التسجيل | شهاده | غير | اثر | مقابل,0,0,0,0,0,0,0,0,0,0
ART_075,75,إذا أعطى مالك مركبة خاضعة للتسجيل موافقته للمؤمن قصد تفويت مركبته املصرح بعدم صالحيتها اقتصاديا، نظرا لقيمتها التجارية التي تقل عن التكلفة املقدرة لإلصالحات الناتجة عن حادثة، يوجه املؤمن إلى اإلدارة، داخل أجل شهر من تاريخ االتفاق املبرم مع املالك، شهادة تسجيل,vehicule_motorise,,,definition,بعدم | املركبه | صالحيتها | فان | صالحيه,0,0,0,0,0,0,0,0,0,0
ART_076,76,أعاله تفويت املركبة قصد إصالحها، أن يوجه داخل75 يجب على املشتري، إذا تم تطبيقا للمادة .) يوما، تصريحا بالشراء إلى اإلدارة التي تسلمه وصال بذلك30( أجل ثالثين,non_specifie,,,definition,تطبيقا | قصد | يوجه | يوما | ثالثين,0,0,0,0,0,0,0,0,0,0
ART_077,77,أعاله، أن تخضع املركبة املصرح بعدم75 من املادة2 يجب في الحاالت املشار إليها في الفقرة صالحيتها اقتصاديا من قبل الخبراء الذين انتدبهم املؤمنون على إثر حادثة، إلى مراقبة تقنية قبل أي .استخدام جديد لها,non_specifie,,,definition,تخضع | صالحيتها | استخدام | بعدم | اثر,0,0,0,0,0,0,0,0,0,0
ART_078,78,أعاله، خبير في السيارات، يتوفر75 و74 و73 و71 يقوم بإعداد تقارير الخبرة املذكورة في املواد ،على أهلية لتسليم الشهادات التي تثبت أن املركبات غير قابلة لإلصالح أو مصابة بأضرار خطيرة ومتوفر على تكوين أولي وتكوين مستمر في مراقبة املركبات غير القابلة لإلصالح أو املصابة بأضرار,non_specifie,,,definition,املركبات | غير | تثبت | السيارات | يتوفر,0,0,0,0,0,0,0,0,0,0
ART_079,79,. أعاله78 تضع اإلدارة القائمة الوطنية للخبراء الذين تتوفر فيهم األهلية املشار إليها في املادة األمانة العامة للحكومة املركبات املدرجة في عداد التحف,non_specifie,,,definition,الذين | تتوفر | الوطنيه | الباب | املركبات,0,0,0,0,0,0,0,0,0,0
ART_080,80,بعده، أن81 يجوز ملالك كل مركبة خاضعة للتسجيل، يتوفر فيها أحد الشروط املشار إليها في املادة .يطلب إدراج مركبته في عداد التحف يجب أن تقيد في شهادة التسجيل كل مركبة مدرجة في عداد التحف عبارة «مركبة مدرجة في عداد,vehicule_motorise,,,definition,مركبه | احد | بعده | يتوفر | خاضعه,0,0,0,0,0,0,0,0,0,0
ART_081,81,: يمكن أن تدرج في عداد التحف : كل مركبة ذات محرك، مهما كان عمرها، يتوفر فيها أحد الشروط التالية- 1 أ) أن يكون لها طابع تاريخي ؛,voiture,,,definition,محرك | ذات | اثر | احد | مركبه,0,0,0,0,0,0,0,0,0,0
ART_082,82,يجب، ألجل إدراج مركبة في عداد التحف، أن تكون مزودة باألجهزة املحركة وأدوات التعليق .والحصر والرؤية واإلنارة وأن تكون صالحة للسير، وتثبت هذه الصالحية بشهادة للمراقبة التقنية .ال يمكن أن تدرج في عداد التحف املركبات املوجودة في حالة حطام,vehicule_motorise,,,definition,يجب | للسير | بشهاده | للمراقبه | املركبات,0,0,0,0,0,0,0,0,0,0
ART_083,83,.يجب أال تغادر املركبات املدرجة في عداد التحف منطقة تسجيلها واملناطق املجاورة لها غير أنها تخضع لإلدالء بتصريح مسبق إلى اإلدارة، قصد السير خارج املنطقة املذكورة ألجل .املشاركة في التظاهرات أو السباقات الرياضية املطلوبة للمشاركة فيها,non_specifie,,,definition,تخضع | خارج | قصد | فيها | السير,0,0,0,0,0,0,0,0,0,0
ART_084,84,.تخضع املركبات املدرجة في عداد التحف لشروط مصادقة وتسجيل خاصة تحددها اإلدارة تخضع املركبات املذكورة للمراقبة التقنية الدورية وفق شروط خاصة تحددها اإلدارة وللتأمين .اإلجباري على السيارات إذا كانت تسير على الطريق العمومية,non_specifie,,,definition,تخضع | خاصه | تحددها | تسير | املركبات,0,0,0,0,0,0,0,0,0,0
ART_085,85,: يراد في مفهوم هذا القانون بما يلي تجمع عمراني : فضاء تجتمع فيه مبان ويشار خصيصا إلى مداخله ومخارجه ؛ باحة عامة للتوقف : كل مكان لتوقف املركبات في فضاء محروس أو غير محروس مملوك لجماعة,moto,,,definition,مستعملي | الطريق | للسير | طريق | دراجه,1,0,0,0,0,0,0,0,0,0
ART_086,86,.تحدد قواعد السير الواجبات التي على مستعملي الطريق العمومية التقيد بها تحدد هذه القواعد من قبل اإلدارة قصد الحفاظ، في كل مكان وفي كل الظروف، على النظام العام والسالمة العمومية وسالمة السائقين والراكبين وحماية صحة األشخاص وجودة البيئة وحماية األمالك,non_specifie,,,definition,العموميه | تحدد | الطريق | مستعملي | قواعد,0,0,0,0,0,0,0,0,0,0
ART_087,87,يجب أن تمكن قواعد السير على الطريق العمومية، املبنية على املبادئ املحددة أعاله، من تسهيل سير مستعملي الطريق العمومية وسيولة سير املركبات وسالمة نقل األشخاص واملمتلكات واستعمال .املركبات من غير مضايقة املستعملين اآلخرين للطريق العمومية,vehicule_motorise,,,definition,شروط | قواعد | مستعملي | السير | للسير,1,0,0,0,0,0,0,0,0,0
ART_088,88,87 عالوة على قواعد االستعمال العام واالستعمال الخاص للطريق العمومية املشار إليها في املادة : أعاله، تتعلق قواعد السير على الطريق السيار خاصة بما يلي شروط ولوج الطريق السيار والخروج منه عبر املسالك املوصلة إليه ؛- 1,voiture,,,definition,السيار | السير | املوصله | شروط | قواعد,0,0,0,0,0,0,0,0,0,0
ART_089,89,يمكن للسلطة الحكومية املكلفة بالطرق أو للسلطات املحلية أو للجماعات الترابية، كل داخل نطاق اختصاصها، أن تسن التدابير الدائمة أو املؤقتة الالزمة لضمان سهولة أو سالمة السير أو لتفادي . اإلتالف غير العادي للطريق العمومية,non_specifie,,,definition,الطرق | السير | للطريق | الحكوميه | تطبيق,0,0,0,0,0,0,0,0,0,0
ART_090,90,ترجح اإلشارات التي يعطيها األعوان املؤهلون قانونا لذلك واملنظمون للسير في الطريق العمومية .على كل تشوير أو أضواء التشوير أو قواعد السير .ترجح إشارات أضواء التشوير على عالمات التشوير الطرقي األخرى,non_specifie,,,definition,قواعد | للسير | االخري | االعوان | السير,0,0,0,0,0,0,0,0,0,0
ART_091,91,يمنع على املركبات، بالرغم عن كل األحكام املخالفة، كل إشهار يستعمل الضوء بواسطة آلة أو جهاز يمنع كذلك، وضع اللوحات اإلشهارية على الطريق العمومية والالفتات وكل األجهزة األخرى التي تبهر السائقين أو تؤدي بهم إلى الخطأ أو تمثل أو تقلد، ولو جزئيا، إشارات طرقية أو تختلط من بعيد,non_specifie,,,definition,يمنع | كذلك | االخري | االحكام | جهاز,0,0,0,0,0,0,0,0,0,0
ART_092,92,: يجب على كل سائق أن يكون في حالة بدنية وعقلية تمكنه من سياقة مركبته أو حيواناته وفي التحكم فيها باستمرار ؛- 1 : أن يمتنع عن السياقة خاصة في الحاالت التالية- 2,vehicule_motorise,,,definition,بسبب | تاثير | وضع | تحت | مركبته,0,1,0,0,0,0,0,0,0,0
ART_093,93,.يجب على كل سائق استعمال أجهزة السالمة ولوازمها وفق الشروط املحددة من قبل اإلدارة,non_specifie,,,definition,استعمال | اجهزه | سايق | املحدده | وفق,0,0,0,0,0,0,0,0,0,0
ART_094,94,: يجب على كل راجل عند استعماله الطريق العمومية -	اتخاذ االحتياطات الالزمة لتجنب كل خطر سواء على نفسه أو على الغير ؛ -	التقيد بقواعد السير الخاصة املتعلقة به واملحددة بهذا القانون والنصوص املتخذة لتطبيقه ؛,non_specifie,,,definition,العقوبات | االول | الطريق | اتخاذ | االداريه,0,0,0,0,0,0,1,0,0,0
ART_095,95,من13 بتاريخ1.16.106 الصادر بتنفيذه الظهري الرشيف رقم116.14 (غريت مبوجب املادة األوىل من القانون رقم )5870 :)، ص2016 أغسطس11( 1437 ذي القعدة7 بتاريخ6490 )، ج.ر عدد2016 يوليو18( 1437 شوال تصدر اإلدارة قرارا بسحب رخصة السياقة، إذا لم يدفع الشخص الحاصل عليها مبلغ الغرامة,non_specifie,,,sanction,هما | معا | تسلم | الصادره | املدنيه,0,0,0,0,0,0,1,0,0,0
ART_096,96,من13 بتاريخ1.16.106 الصادر بتنفيذه الظهري الرشيف رقم116.14 (غريت مبوجب املادة األوىل من القانون رقم )5870 :)، ص2016 أغسطس11( 1437 ذي القعدة7 بتاريخ6490 )، ج.ر عدد2016 يوليو18 ( 1437 شوال تصدر اإلدارة قرارا بتوقيف رخصة السياقة ملدة ال تتجاوز ثالثة أشهر للمرة األولى وستة أشهر في,vehicule_motorise,,,sanction,ورقه | وزمن | قياس | السرعه | سحب,1,0,0,0,0,0,0,0,1,0
ART_097,97,من شوال13 بتاريخ1.16.106 الصادر بتنفيذه الظهري الرشيف رقم116.14 (غريت مبوجب املادة األوىل من القانون رقم )5870 :)، ص2016 أغسطس11( 1437 ذي القعدة7 بتاريخ6490 )، ج.ر عدد2016 يوليو18( 1437 : يمكن أن تصدر اإلدارة قرارا بسحب رخصة السياقة,moto,,,sanction,بسبب | اال | رخصه | طبي | املركبات,0,0,0,0,0,0,1,0,0,0
ART_098,98,96 و95 يتوقف أثر توقيف أو سحب رخصة السياقة املقرر من قبل اإلدارة وفقا ألحكام املواد ، أعاله، كيفما كانت مدته، بعد أي قرار بالحفظ تصدره النيابة العامة أو إذا أصبح قابال للتنفيذ97و من أجل نفس األفعال، مقرر قضائي حائز لقوة الآشيء املقغضي به بتوقيف أو إلغاء رخصة السياقة,non_specifie,,,definition,سحب | املقرر | يتوقف | اثر | مقرر,0,0,0,0,0,0,1,0,0,0
ART_099,99,من13 بتاريخ1.16.106 الصادر بتنفيذه الظهري الرشيف رقم116.14 (غريت ومتمت مبوجب املادة األوىل من القانون رقم )5871 :)، ص2016 أغسطس11( 1437 ذي القعدة7 بتاريخ6490 )، ج.ر عدد2016 يوليو18( 1437 شوال من هذا القانون، تقوم، بقوة القانون، السلطة املحدثة لديها الجذاذية29 طبقا ألحكام املادة,vehicule_motorise,,,sanction,اثر | سير | الساعه | حادثه | التوقف,1,1,1,1,0,0,1,0,0,0
ART_100,100,أعاله، وفي حالة تعدد الجنح املرتكبة في آن واحد من بينها جنحة واحدة99 استثناء من أحكام املادة أعاله، فإن عدد النقط الواجب خصمها من رصيد النقط99 من املادة5 و3 و1 من الجنح املشار إليها في نقطة على األكثر، وفي حالة تعدد الجنح األخرى املرتكبة في آن واحد فإن عدد النقط الواجب16 يساوي,non_specifie,,,definition,النقط | رصيد | فان | واحد | الواجب,0,0,0,0,0,0,0,0,0,0
ART_101,101,اليمكن توقيف املركبات أو إيداعها باملحجز إال في الحاالت ووفق الشروط املنصوص عليها في هذا,non_specifie,,,definition,توقيف | املركبات | باملحجز | االول | الفرع,0,0,0,0,0,0,0,0,0,0
ART_102,102,توقيف املركبة هو األمر الذي يصدره العون محرر املحضر، احتياطيا، للسائق بتوقيف مركبته في .مكان معاينة املخالفة أو على مقربة منه، مع التقيد بالقواعد املتعلقة بالتوقف .تبقى املركبة، خالل مدة توقيفها، تحت املسؤولية القانونية لسائقها أو ملالكها,non_specifie,,,definition,املالك | مركبته | مكان | محرر | املحضر,0,0,0,0,0,0,0,0,0,0
ART_103,103,من13 بتاريخ1.16.106 الصادر بتنفيذه الظهري الرشيف رقم116.14 (متمت مبوجب املادة األوىل من القانون رقم )5871 :)، ص2016 أغسطس11( 1437 ذي القعدة7 بتاريخ6490 )، ج.ر عدد2016 يوليو18( 1437 شوال : عالوة على الحاالت املنصوص عليها في القانون، يجب األمر بتوقيف املركبة في الحاالت التالية,vehicule_motorise,,,sanction,عدم | االدالء | وجود | بالنسبه | اجهزه,1,1,0,0,0,0,0,0,0,0
ART_104,104,من13 بتاريخ1.16.106 الصادر بتنفيذه الظهري الرشيف رقم116.14 (غريت مبوجب املادة األوىل من القانون رقم )5872 - 5871 :)، ص2016 أغسطس11( 1437 ذي القعدة7 بتاريخ6490 )، ج.ر عدد2016 يوليو18( 1437 شوال : أعاله، حسب الحاالت، على النحو التالي102 يتم توقيف املركبة، كما هو معرف في املادة,non_specifie,,,sanction,حين | ايام | الحاله | بتوقيف | االمر,1,0,0,0,0,0,0,0,0,0
ART_105,105,وفي9 إلى5 يمكن تنفيذ قرار التوقيف الناتج عن مخالفة تتعلق بالحاالت املشار إليها في البنود من أعاله، في مكان يستطيع فيه سائق املركبة الحصول على وسائل103 من املادة14 و12 و11 البنود إنهاء املخالفة. وال تجوز ممارسة هذه اإلمكانية، إال إذا كان من املتيسر اقتياد املركبة إلى هذه األمكنة,non_specifie,,,definition,البنود | وفق | اال | شروط | قرار,0,0,0,0,0,0,0,0,0,0
ART_106,106,من20 و19 و18 يتم توقيف املركبة على النحو التالي، فيما يخص الحاالت املشار إليها في البنود : أعاله103 املادة يجب عند تجاوز عدد الركاب املأذون به في حالة النقل الجماعي لألشخاص، نقل األشخاص- 1,vehicule_motorise,,,definition,املاذون | الحموله | النقل | للمركبه | االشخاص,0,0,0,0,0,0,0,0,0,0
ART_107,107,إذا لم يتم إنهاء املخالفة التي بررت التوقيف، وقت مغادرة العون محرر املحضر ملكان إيقاف املركبة، يقوم هذا العون برفع األمر إلى اإلدارة التابع لها مع تسليمها شهادة التسجيل أو رخصة .السياقة حسب نوعية املخالفة,non_specifie,,,definition,العون | يقوم | املحضر | نسخه | التابع,0,0,0,0,0,0,0,0,0,0
ART_108,108,:يرفع التوقيف، ما لم توجد أحكام مخالفة في عين املكان، من قبل العون محرر املحضر، الذي أمر به وذلك فور إنهاء املخالفة ؛- 1 من قبل السلطة املؤهلة التابع لها العون محرر املحضر واملرفوع إليها األمر وفق الشروط- 2,non_specifie,,,definition,محرر | العون | املحضر | املخالفه | اليها,0,0,0,0,0,0,0,0,0,0
ART_109,109,من13 بتاريخ1.16.106 الصادر بتنفيذه الظهري الرشيف رقم116.14 (غريت مبوجب املادة األوىل من القانون رقم )5872 :)، ص2016 أغسطس11( 1437 ذي القعدة7 بتاريخ6490 )، ج.ر عدد2016 يوليو18( 1437 شوال ) ساعة، من ساعة توقيف72( إذا لم يثبت املخالف انتهاء املخالفة، داخل أجل اثنتين وسبعين,non_specifie,,,sanction,املحجز | التوقيف | ساعه | السلطه | بااليداع,0,0,0,0,0,0,0,0,0,0
ART_110,110,اإليداع في املحجز هو تنقيل مركبة أو جزء من مركبة متمفصلة موضوع مخالفة، إلى مكان يعينه العون محرر املحضر أو السلطة املختصة أو السلطة القضائية وحراستها فيه، قصد االحتفاظ بها في .ذلك املكان طوال املدة املقررة، على نفقة مالكها,vehicule_motorise,,,definition,املحجز | السلطه | املركبات | مركبه | االيداع,0,0,0,0,0,0,0,0,0,0
ART_111,111,من13 بتاريخ1.16.106 الصادر بتنفيذه الظهري الرشيف رقم116.14 (غريت مبوجب املادة األوىل من القانون رقم )5872 :)، ص2016 أغسطس11( 1437 ذي القعدة7 بتاريخ6490 )، ج.ر عدد2016 يوليو18( 1437 شوال عالوة على الحاالت املنصوص عليها في القانون، يصدر ضابط الشرطة القضائية أو العون محرر,moto,,,sanction,استخدام | استعمال | املركبه | املصادقه | السلطه,1,0,0,0,0,0,0,0,0,0
ART_112,112,بتاريخ1.16.106 الصادر بتنفيذه الظهري الرشيف رقم116.14 (نسخت وعوضت مبوجب املادة الثانية من القانون رقم )5880 :)، ص2016 أغسطس11( 1437 ذي القعدة7 بتاريخ6490 )، ج.ر عدد2016 يوليو18( 1437 من شوال13 عالوة على الحاالت املنصوص عليها في القانون، ومع مراعاة أال يكون قد صدر أي مقرر قضائي بإيداع,vehicule_motorise,,,sanction,باملحجز | ايام | بالنسبه | تسير | البند,1,0,0,0,0,0,0,0,0,0
ART_113,113,يجب على العون محرر املحضر، الذي أعد محضر معاينة املخالفة املبررة لإليداع في املحجز، أن يحيل األمر على ضابط الشرطة القضائية املختص من حيث املكان أو على السلطة التابع لها العون .املذكور، في الحاالت التي ينص فيها هذا القانون على اإليداع في املحجز,vehicule_motorise,,,definition,املحجز | االيداع | السلطه | االمر | االحتفاظ,0,0,0,0,0,0,0,0,0,0
ART_114,114,إذا أودع السائق أو املالك أو املسؤول املدني املركبة باملحجز، وجب عليه أن يسلم إلى حارس املحجز األمر باإليداع، الذي يعده العون محرر املحضر أو اإلدارة، ويتسلم من الحارس املذكور .شهادة باإليداع في املحجز,non_specifie,,,definition,بااليداع | املحجز | االيداع | االمر | املسوول,0,0,0,0,0,0,0,0,0,0
ART_115,115,ال يمكن إصالح املركبة املودعة في املحجز بسبب سوء حالتها امليكانيكية التي ال تسمح بالسير وفق .شروط السالمة العادية، إال بعد انقضاء مدة اإليداع ال يمكن أن يسحب املركبة من املحجز إال املكلفون من قبل املالك أو السائق أو املسؤول املدني,non_specifie,,,definition,املسوول | املالك | السايق | وفق | املحجز,0,0,0,0,0,0,0,0,0,0
ART_116,116,يجب إزاحة املركبة املودعة في املحجز، لعدم توفرها على وثيقة املراقبة التقنية أو لعدم صالحية هذه األخيرة، ونقلها إلى أقرب مركز للمراقبة التقنية، بواسطة مركبة مرخص لها، إلخضاعها إلى .املراقبة التقنية,vehicule_motorise,,,definition,التقنيه | املراقبه | صالحيه | مركز | للمراقبه,0,0,0,0,0,0,0,0,0,0
ART_117,117,.يتحمل مالك املركبة أو املسؤول املدني عنها مصاريف اإلزاحة والحراسة في املحجز والخبرة األمانة العامة للحكومة,non_specifie,,,definition,املسوول | عنها | املحجز | مالك | الباب,0,0,0,0,0,0,0,0,0,0
ART_118,118,من13 بتاريخ1.16.106 الصادر بتنفيذه الظهري الرشيف رقم116.14 (غريت مبوجب املادة األوىل من القانون رقم )5872 :)، ص2016 أغسطس11( 1437 ذي القعدة7 بتاريخ6490 )، ج.ر عدد2016 يوليو18( 1437 شوال أعاله لغرامة60 و59 يتعرض كل مالك أو حائز ملركبة ال يتقيد باألجل املنصوص عليه في املادتين,vehicule_motorise,500.0,,sanction,شهر | بمثابه | غرامه | مبلغها | مبلغ,0,0,0,0,0,0,0,0,0,0
ART_119,119,كل مالك مركبة أجنبية، التتوفر على رقم تسجيل مغربي، يقوم بعملية النقل بين نقطتين داخل التراب املغربي، دون ترخيص خاص مسلم من قبل مصالح السلطة الحكومية املكلفة بالنقل، يعاقب .) درهم عن كل طن من الوزن اإلجمالي للمركبة محملة5000( بغرامة إدارية مبلغها خمسة آالف,vehicule_motorise,5000.0,,obligation,الغرامه | مبلغها | باملحجز | الحكوميه | املخالفه,0,0,0,0,0,0,0,0,1,0
ART_120,120,تحدث جذاذيتان إداريتان تتعلق األولى برخص السياقة والثانية باملركبات، تسميان تباعا «الجذاذية الوطنية لرخصة السياقة» و«الجذاذية الوطنية للمركبة» تسجل فيهما تلقائيا املعطيات . بعده133 و128 املنصوص عليها في املادتين,vehicule_motorise,,,definition,الوطنيه | بعده | املعطيات | لرخصه | املادتين,0,0,0,0,0,0,0,0,0,0
ART_121,121,: تهدف الجذاذيتان املحدثتان بهذا القانون إلى تمكين األشخاص املعنيين باملعطيات التي تم تجميعها، من التوفر على معلومات حول وضعية رخصة السياقة أو املركبة املقصودة ؛,non_specifie,,,definition,بموجب | التوفر | املسجله | املعطيات | ومن,0,0,0,0,0,0,0,0,0,0
ART_122,122,تختص السلطة الحكومية املكلفة بالنقل أو املوظفون املنتدبون من لدنها لهذا الغرض، واملنشورة ،قائمتهم في الجريدة الرسمية، وحدهم بإصدار األمر أو القيام أو العمل على القيام، تحت مسؤوليتهم بتسجيل املعطيات املنصوص عليها في هذا القانون وتصحيحها وتحيينها وكذا بإخبار األشخاص,non_specifie,,,definition,القيام | الحكوميه | بالنقل | املكلفه | املعطيات,0,0,0,0,0,0,0,0,0,0
ART_123,123,يجب على السلطة املختصة، عندما تتلقى املعطيات الواجب تسجيلها، أن تخبر بذلك األشخاص املعنيين، مع بيان حقهم في االطالع والتصحيح املخول لهم بموجب هذا القانون وكيفيات ممارسة .يتم اإلخبار بواسطة رسالة مضمونة مع إشعار باالستالم,non_specifie,,,definition,بموجب | عندما | رساله | باالستالم | مضمونه,0,0,0,0,0,0,0,0,0,0
ART_124,124,يمكن أن تعالج املعلومات واملعطيات التي تم تجميعها تطبيقا لهذا القانون، بطريقة آلية، وفقا .للقواعد التي تحددها اإلدارة,non_specifie,,,definition,تطبيقا | املعلومات | لهذا | تحددها | التي,0,0,0,0,0,0,0,0,0,0
ART_125,125,يلزم األشخاص املكلفون، بأي صفة من الصفات، بمسك الجذاذيتين بكتمان السر املنهي، وفقا . من القانون الجنائي وتحت طائلة العقوبات املقررة فيه446 ألحكام الفصل األمانة العامة للحكومة,non_specifie,,,definition,الجنايي | الفصل | العقوبات | املقرره | االشخاص,0,0,0,0,0,0,0,0,0,0
ART_126,126,)5000( ) إلى خمسة آالف2000( يعاقب بالحبس من ثالثة أشهر إلى ثالث سنوات وبغرامة من ألفين درهم على القيام، بسوء نية، بتسجيل إدانة قضائية أو قرار إداري في الجذاذية الوطنية لرخصة .السياقة أو في الجذاذية الوطنية للمركبة,vehicule_motorise,,,obligation,الوطنيه | ثالث | قرار | لرخصه | الفين,0,0,0,0,0,0,0,0,0,0
ART_127,127,)2000( بصرف النظر عن العقوبة األشد، يعاقب بالحبس من شهر إلى ستة أشهر وبغرامة من ألفين ) درهم أو بإحدى هاتين العقوبتين فقط، على كل انتحال السم أو صفة قصد5000( إلى خمسة آالف .الحصول على كشف للبيانات املسجلة واملتعلقة بأحد األغيار,non_specifie,5000.0,,obligation,العقوبه | املسجله | غير | العقوبتين | هاتين,0,0,0,0,0,0,0,0,0,0
ART_128,128,أعاله ووفق الشروط122 تقوم السلطات املختصة أو تعمل على القيام، طبقا ألحكام املادة والكيفيات التي تحددها اإلدارة، بتسجيل املعطيات املتعلقة برخصة السياقة، في الجذاذية الوطنية : لرخصة السياقة، وخاصة منها,non_specifie,,,definition,املعطيات | املتعلقه | صالحيتها | تسليمها | السلطات,0,0,0,0,0,0,0,0,0,0
ART_129,129,من13 بتاريخ1.16.106 الصادر بتنفيذه الظهري الرشيف رقم116.14 (غريت مبوجب املادة األوىل من القانون رقم )5872 :)، ص2016 أغسطس11( 1437 ذي القعدة7 بتاريخ6490 )، ج.ر عدد2016 يوليو18( 1437 شوال يجب محو املعلومات املتعلقة باإلدانات القضائية الصادرة في شأن رخصة السياقة عند انصرام,non_specifie,,,sanction,املعلومات | انصرام | تاريخ | قرار | مبلغ,0,0,0,0,0,0,0,0,0,0
ART_130,130,يحق لصاحب رخصة السياقة االطالع على الكشف الكامل للبيانات املتعلقة به وتسلم نسخة منه بطلب منه. وله أن يطلب تصحيح املعطيات املغلوطة أو محو املعطيات وفق الشروط املنصوص عليها . في هذا القانون والنصوص الصادرة لتطبيقه,non_specifie,,,definition,املعطيات | الكشف | نسخه | والنصوص | وفق,0,0,0,0,0,0,0,0,0,0
ART_131,131,: يسلم كشف البيانات الشخصية املتعلقة برخصة السياقة، إلى السلطات التالية، بناء على طلبها السلطات القضائية ؛- 1 ضباط الشرطة القضائية املكلفون بتنفيذ أمر قضائي أو العاملون في إطار بحث قضائي ؛- 2,non_specifie,,,definition,السلطات | املكلفه | القضاييه | قضايي | صالحيتها,0,0,0,0,0,0,0,0,0,0
ART_132,132,،تبلغ املعلومات املتعلقة بوجود رخصة السياقة وصنفها وصالحيتها وبهوية صاحبها، بناء على طلبهم محامي أو وكيل صاحب رخصة السياقة ؛- 1 السلطات األجنبية املختصة، قصد إثبات صحة رخصة السياقة، طبقا لالتفاقات الدولية- 2,non_specifie,,,definition,السلطات | املدنيه | مركبات | محرري | رخصه,0,0,0,0,0,0,0,0,0,0
ART_133,133,أعاله ووفق الشروط والكيفيات122 تقوم السلطات املختصة أو تعمل على القيام، طبقا ألحكام املادة : التي تحددها اإلدارة، بتسجيل املعطيات املتعلقة باملركبات في الجذاذية الوطنية للمركبة، خاصة منها ، املعلومات املتعلقة بهوية املالك وعنوانه ورقم بطاقته الوطنية وجنسيته ومهنته وعند االقتضاء- 1,remorque,,,definition,املعطيات | ورقم | املعلومات | املتعلقه | للمركبه,0,0,0,0,0,0,0,0,0,0
ART_134,134,من13 بتاريخ1.16.106 الصادر بتنفيذه الظهري الرشيف رقم116.14 (غريت مبوجب املادة األوىل من القانون رقم )5872 :)، ص2016 أغسطس11( 1437 ذي القعدة7 بتاريخ6490 )، ج.ر عدد2016 يوليو18 ( 1437 شوال يحق لصاحب شهادة التسجيل أو سند امللكية االطالع على الكشف الكامل للبيانات املتعلقة,non_specifie,,,sanction,املعطيات | الكشف | نسخه | سند | امللكيه,0,0,0,0,0,0,0,0,0,0
ART_135,135,من13 بتاريخ1.16.106 الصادر بتنفيذه الظهري الرشيف رقم116.14 (غريت ومتمت مبوجب املادة األوىل من القانون رقم )5872 )، ص2016 أغسطس11( 1437 ذي القعدة7 بتاريخ6490 )، ج.ر عدد2016 يوليو18( 1437 شوال : أعاله، بناء على طلبهم، إلى133 تبلغ املعلومات واملعطيات املشار إليها في املادة,non_specifie,,,sanction,املكلفه | القضاييه | ملكيه | العموميه | الحكوميه,0,0,0,0,0,0,0,0,0,0
ART_136,136,من13 بتاريخ1.16.106 الصادر بتنفيذه الظهري الرشيف رقم116.14 (غريت مبوجب املادة األوىل من القانون رقم )5872 :)، ص2016 أغسطس11( 1437 ذي القعدة7 بتاريخ6490 )، ج.ر عدد2016 يوليو18( 1437 شوال تبلغ املعلومات املتعلقة بشهادات التسجيل أو سند امللكية والخصائص التقنية للمركبة، ألجل,vehicule_motorise,,,sanction,الحادثه | الذين | التقنيه | السير | ذات,0,0,0,0,0,0,0,0,0,0
ART_138,138,: تحدد على النحو التالي أنواع املخالفات ألحكام هذا القانون وللنصوص الصادرة لتطبيقه -	املخالفات من الدرجة األولى ؛ -	املخالفات من الدرجة الثانية ؛,non_specifie,,,definition,الدرجه | املخالفات | الثالثه | الثانيه | تحدد,0,0,0,0,0,0,0,0,0,0
ART_139,139,من القانون الجنائي، تعتبر الغرامات املنصوص عليها في هذا القانون18 استثناء من أحكام الفصل للمعاقبة على املخالفات ألحكامه وألحكام النصوص الصادرة لتطبيقه. ما عدا الغرامات املحددة في 177 إلى175 وفي املواد من166 و165 و163 وفي املواد161 إلى155 وفي املواد152 و148 و143 املواد,non_specifie,,,definition,وفي | املواد | الغرامات | مبلغها | الجنايي,0,0,0,0,0,0,0,0,0,0
ART_140,140,يكون كل سائق مسؤوال جنائيا عما يرتكبه من مخالفات ألحكام هذا القانون والنصوص الصادرة,non_specifie,,,definition,سايق | والنصوص | لتطبيقه | الصادره | الحكام,0,0,0,0,0,0,0,0,0,0
ART_141,141,إذا ارتكبت مخالفة ألحكام هذا القانون والنصوص الصادرة لتطبيقه، بواسطة مركبة مسجلة في اسم شخص ذاتي ولم يتم التعرف على هوية السائق أثناء معاينة املخالفة، أو تعذر التعرف عليه فيما بعد وكانت العقوبة املنصوص عليها هي الغرامة، اعتبرت هذه املخالفة كما لو ارتكبها الشخص املقيد,vehicule_motorise,,,definition,هويه | املخالفه | اثبات | وسايل | اثناء,0,0,0,0,0,0,0,0,0,0
ART_142,142,إذا ارتكبت مخالفة ألحكام هذا القانون والنصوص الصادرة لتطبيقه، بواسطة مركبة مسجلة في اسم شخص معنوي، ولم يتم التعرف على هوية السائق أثناء معاينة املخالفة، أو تعذر التعرف عليه فيما بعد، يجب على األشخاص الذاتيين الذين يمثلون الشخص املعنوي الكشف عن هوية السائق,vehicule_motorise,,,definition,هويه | الكشف | الشخص | املسوول | الذين,0,0,0,0,0,0,0,0,0,0
ART_143,143,يكون مالك املركبة أو الشاحن أو الناقل للبضائع أو لألشخاص عبر الطرق أو الوكيل بالعمولة أو املرسل أو املرسل إليه أو كل مصدر آخر لألمر، الذي أحدث أو ساهم في إحداث وضعية مسببة لضرر، مسؤوال جنائيا، إذا ثبت أنه خرق بشكل عمدي أحد واجبات االحتياط الخاصة أو أحد واجبات,non_specifie,,,obligation,الشخص | احد | الف | انه | االخالل,0,0,0,0,0,0,0,0,1,0
ART_144,144,يكون كل مالك مركبة أو حيوانات مسؤوال عن الغرامات والتعويض عن الضرر واملصاريف التي يمكن أن يحكم بها على تابعه، بموجب هذا القانون، من أجل مخالفة مرتكبة أثناء القيام باملهام التي ،غير أنه يمكن للمحكمة، دون اإلخالل باملسؤولية الجنائية التي يتعرض لها السائق، أن تقرر,vehicule_motorise,,,definition,الغرامات | بموجب | التابع | اداء | السايق,0,0,0,0,0,0,0,0,0,0
ART_145,145,،عندما يحرر أكثر من محضر لسائق بشأن مخالفة تتعلق بعيوب ميكانيكية في املركبة أو في معداتها ماعدا العيوب املتعلقة بأجهزة السالمة، فال يجوز معاقبته إال مرة واحدة من أجل ارتكاب نفس .) ساعة الفاصل بين املعاينة األولى واملعاينة األخيرة للمخالفة72( املخالفة داخل أجل اثنين وسبعين,non_specifie,,,definition,محضر | عندما | واحده | اجل | ساعه,0,0,0,0,0,0,0,0,0,0
ART_146,146,من القانون الجنائي، عندما تتم معاينة عدة مخالفات ضد نفس121 استثناء من أحكام الفصل .الشخص، تضم العقوبات املالية املقررة بالنسبة إلى كل جنحة وكل مخالفة,non_specifie,,,definition,الجنايي | عندما | الفصل | جنحه | العقوبات,0,0,0,0,0,0,0,0,0,0
ART_147,147,ال يمكن نقل ملكية أية مركبة، ما لم يقرر القضاء خالف ذلك، أو تحصيل الضريبة الخصوصية السنوية على السيارات أو الرسم على محور املحرك إال بعد إثبات أداء الغرامات الصادر في شأنها على .املالك مقرر قابل للتنفيذ من أجل مخالفة ألحكام هذا القانون وللنصوص الصادرة لتطبيقه,vehicule_motorise,,,definition,ملكيه | اثبات | الغرامات | املالك | السيارات,0,0,0,0,0,0,0,0,0,0
ART_148,148,بعده، يعاقب بغرامة من ألفين149 دون اإلخالل بالعقوبات األشد ومع مراعاة أحكام املادة : ) درهم، كل شخص4.000( ) إلى أربعة آالف2.000( . يسوق مركبة تتطلب سياقتها الحصول على رخصة سياقة دون أن يكون حاصال على تلك الرخصة- 1,moto,,,obligation,يسوق | الحصول | محرك | املعنيه | مركبه,0,0,0,0,0,0,0,0,1,0
ART_149,149,أعاله، توقف املركبة في مكانها إلى أن يقوم بسياقتها سائق148 في الحاالت املشار إليها في املادة حاصل على رخصة سياقة من نفس صنف املركبة يقترحه املخالف أو، عند االقتضاء، مالك املركبة أو حائزها. وإذا تعذر ذلك، جاز لألعوان محرري املحاضر اتخاذ كافة التدابير الضرورية إليداع,moto,,,definition,املركبه | باملحجز | محرري | اتخاذ | صنف,0,0,0,0,0,0,0,0,0,0
ART_150,150,من القانون الجنائي ودون اإلخالل بالعقوبات361 في ماعدا الحاالت املنصوص عليها في الفصل ) إلى5.000( ) أشهر وبغرامة من خمسة آالف درهم6( األشد، يعاقب بالحبس من شهر واحد إلى ستة ) درهم أو بإحدى هاتين العقوبتين فقط، كل شخص حصل بعد اجتياز امتحان20.000( عشرين ألف,non_specifie,,,obligation,الجنايي | درهم | الفصل | العقوبتين | عشرين,0,0,0,0,0,0,0,0,0,0
ART_151,151,) إلى خمسة آالف2.000( ) سنوات وبغرامة من ألفين3( ) أشهر إلى ثالث6( يعاقب بالحبس من ستة : ) درهم، كل شخص5.000( استعمل وسائل غير قانونية للمشاركة في امتحان الحصول على رخصة السياقة دون أن يكون- 1,non_specifie,,,obligation,امتحان | الحصول | سنوات | رخصه | السياقه,0,0,0,0,0,0,0,0,0,0
ART_152,152,) درهم، كل شخص صدر في حقه8.000( ) درهم إلى ثمانية آالف2.000( يعاقب بغرامة من ألفي :مقرر قضائي حائز لقوة الآشيء املقغضي به أو قرار إداري بتوقيف رخصة السياقة أو بسحبها أو بإلغائها لم يودع رخصة السياقة الخاصة به لدى اإلدارة، داخل اآلجال املحددة له ؛- 1,vehicule_motorise,,,obligation,الحصول | املحدد | االجل | درهم | الخاصه,0,0,0,0,0,0,0,0,1,0
ART_153,153,أعاله، قد صدر في حقه مقرر152 إذا كان املخالف وقت ارتكابه إحدى املخالفات املنصوص عليها في املادة قضائي حائز لقوة الآشيء املقغضي به بتوقيف رخصة السياقة، فعلى املحكمة املختصة تحويل توقيف الرخصة إلى إلغاء، مع املنع من التقدم المتحان الحصول على رخصة سياقة جديدة خالل مدة تتراوح,non_specifie,,,definition,لقوه | حايز | مقرر | الاشيء | املقغضي,0,0,0,0,0,0,0,0,0,0
ART_154,154,) درهم إلى1.200( ) سنوات وبغرامة من ألف ومائتي3( ) أشهر إلى ثالث6( يعاقب بالحبس من ستة ) درهم كل شخص يسوق برخصة سياقة مزورة مركبة تتطلب سياقتها الحصول5.000( خمسة آالف ال يجوز للمخالف اجتياز امتحان الحصول على رخصة سياقة إال بعد انصرام أجل يتراوح بين سنة,vehicule_motorise,200.0,,obligation,سياقه | الحصول | ثالث | درهم | واحده,0,0,0,0,0,0,0,0,0,0
ART_155,155,من شوال13 بتاريخ1.16.106 الصادر بتنفيذه الظهري الرشيف رقم116.14 (غريت مبوجب املادة األوىل من القانون رقم )5872 :)، ص2016 أغسطس11( 1437 ذي القعدة7 بتاريخ6490 )، ج.ر عدد2016 يوليو18( 1437 ) درهم كل شخص استعمل رخصة5.000( ) إلى خمسة آالف2.000( يعاقب بغرامة من ألفين,moto,,,sanction,بطاقه | سايق | بصفه | الخاصه | املركبه,0,0,0,0,0,0,0,0,1,0
ART_156,156,) درهم عن كل مركبة، كل30.000( ) إلى ثالثين ألف15.000( يعاقب بغرامة من خمسة عشر ألف : صانع مركبات أو وكيل أو مستورد أو مالك لها عرض أو يعرض للبيع مركبة أو عدة مركبات غير مصادق عليها أو غير مطابقة للصنف املصادق- 1,moto,100.0,,obligation,مركبات | الف | االجمالي | مركبه | يعاقب,0,0,0,0,0,0,0,0,1,0
ART_157,157,) درهم، كل صانع مركبات أو30.000( ) إلى ثالثين ألف5.000( يعاقب بغرامة من خمسة آالف ،كل وكيل أو مستورد أو مالك لها رفض إخضاع مركبته، التي أدخل تغييرا على خصائصها التقنية .للمصادقة من جديد أو أهمل ذلك,vehicule_motorise,50.0,,obligation,الف | يعاقب | درهم | الغرامه | العود,0,0,0,0,0,0,0,0,1,0
ART_158,158,يعاقب على إعادة استخدام كل مركبة خاضعة للتسجيل أصيبت بأضرار خطيرة دون تقديم تقرير : خبرة بشأنها ودون املصادقة عليها بغرامة ) درهم بالنسبة للمركبات التي يقل وزنها30.000( ) إلى ثالثين ألف5.000( من خمسة آالف- 1,vehicule_motorise,60.0,,obligation,كيلوغرام | وزنها | للمركبات | املاذون | محمله,0,0,0,0,0,0,0,0,0,0
ART_159,159,يعاقب على االستمرار في استخدام مركبة، على الطريق العمومية، خاضعة للتسجيل بمقتغضى : أحكام هذا القانون، غير قابلة لإلصالح تقنيا واملسحوبة شهادة تسجيلها، بغرامة ) درهم بالنسبة للمركبات التي يقل وزنها30.000( ) إلى ثالثين ألف5.000( من خمسة آالف- 1,vehicule_motorise,60.0,,obligation,كيلوغرام | وزنها | للمركبات | املاذون | محمله,0,0,0,0,0,0,0,0,0,0
ART_160,160,من13 بتاريخ1.16.106 الصادر بتنفيذه الظهري الرشيف رقم116.14 (غريت مبوجب املادة األوىل من القانون رقم )5873 :)، ص2016 أغسطس11( 1437 ذي القعدة7 بتاريخ6490 )،ج.ر عدد2016 يوليو18( 1437 شوال ) درهم، كل من استخدم مركبة خاضعة6.000( ) إلى ستة آالف2.000( يعاقب بغرامة من ألفين,vehicule_motorise,,,sanction,خاضعه | امللكيه | حين | لفايده | الدوله,0,0,0,0,0,0,0,0,0,0
ART_161,161,بتاريخ1.16.106 الصادر بتنفيذه الظهري الرشيف رقم116.14 (نسخت وعوضت مبوجب املادة الثانية من القانون رقم )5881 :)، ص2016 أغسطس11( 1437 ذي القعدة7 بتاريخ6490 )، ج.ر عدد2016 يوليو18( 1437 من شوال13 ) درهم، كل سائق مركبة، خاضعة12.000( ) إلى اثني عشر ألف2.000( يعاقب بغرامة من ألفين,vehicule_motorise,,,sanction,خاضعه | املعنيه | املركبه | التوفر | حين,0,0,0,0,0,0,0,0,0,0
ART_162,162,من13 بتاريخ1.16.106 الصادر بتنفيذه الظهري الرشيف رقم116.14 (غريت مبوجب املادة األوىل من القانون رقم )5873 :)، ص2016 أغسطس11( 1437 ذي القعدة7 بتاريخ6490 )، ج.ر عدد2016 يوليو18( 1437 شوال ) إلى خمسة آالف2.000( ) سنوات وبغرامة من ألفين3( ) أشهر إلى ثالث6( يعاقب بالحبس من ستة,vehicule_motorise,60.0,,obligation,قام | ستين | مالك | الف | تامر,0,0,0,0,0,0,0,0,1,0
ART_163,163,) درهم عن عدم تقديم التصريح5.000( ) إلى خمسة آالف3.000( يعاقب بغرامة من ثالثة آالف . أعاله62 املنصوص عليه في املادة,non_specifie,,,obligation,االف | تقديم | ثالثه | عدم | خمسه,0,0,0,0,0,0,0,0,0,0
ART_164,164,) إلى اثني5.000( ) أشهر وبغرامة من خمسة آالف6( يعاقب بالحبس من شهر واحد إلى ستة ) درهم أو بإحدى هاتين العقوبتين فقط، كل مسؤول عن استغالل مركبة لنقل12.000( عشر ألف البضائع أو مركبة للنقل الجماعي لألشخاص خاضعة إلجبارية تجهيزها بجهاز لتحديد السرعة,vehicule_motorise,200.0,,obligation,للنقل | السرعه | البضايع | الجماعي | خاضعه,1,0,0,0,0,0,0,0,1,0
ART_165,165,يمنع وضع أو تكييف أو استعمال أو تركيب آلة أو جهاز أو مادة معدة إما لكشف وجود أداة مستعملة .ملعاينة املخالفات ألحكام هذا القانون والنصوص الصادرة لتطبيقه وإما لإلخالل بسير تلك األداة ) إلى عشرة آالف5.000( يعاقب على كل مخالفة ألحكام الفقرة السابقة بغرامة من خمسة آالف,non_specifie,,,obligation,لفايده | الدوله | تامر | االف | الحكام,0,0,0,0,0,0,0,0,0,0
ART_166,166,)10.000( ) إلى عشرة آالف5.000( دون اإلخالل بالعقوبات األشد، يعاقب بغرامة من خمسة آالف : درهم، على ما يلي القيام في الطريق العمومية أو ملحقاتها باستخدام مركبة أو أي آلة أو أريبة أخرى قد تلحق- 1,moto,3000.0,,sanction,يتعرض | الحكم | هما | عدم | الحادثه,1,1,0,0,0,0,1,1,0,0
ART_167,167,من13 بتاريخ1.16.106 الصادر بتنفيذه الظهري الرشيف رقم116.14 (غريت مبوجب املادة األوىل من القانون رقم )5873 :)، ص2016 أغسطس11( 1437 ذي القعدة7 بتاريخ6490 )، ج.ر عدد2016 يوليو18 ( 1437 شوال كل سائق ثبتت مسؤوليته عن حادثة سير وتسبب للغير، نتيجة هذه الحادثة، عن غير عمد، بعدم,moto,200.0,,sanction,عدم | الحادثه | تاثير | احترام | تحت,1,1,0,0,0,0,1,0,0,0
ART_168,168,من شوال13 بتاريخ1.16.106 الصادر بتنفيذه الظهري الرشيف رقم116.14 (غريت مبوجب املادة األوىل من القانون رقم )5873 :)، ص2016 أغسطس11( 1437 ذي القعدة7 بتاريخ6490 )، ج.ر عدد2016 يوليو18( 1437 .) أشهر3( لتوقيف رخصة السياقة ملدة167 يتعرض مرتكبو املخالفات املنصوص عليها في املادة,non_specifie,,,sanction,الحكم | هما | الجنايي | معا | الفصل,0,0,0,0,0,0,0,1,0,0
ART_169,169,من شوال13 بتاريخ1.16.106 الصادر بتنفيذه الظهري الرشيف رقم116.14 (غريت مبوجب املادة األوىل من القانون رقم )5873 :)، ص2016 أغسطس11( 1437 ذي القعدة7 بتاريخ6490 )، ج.ر عدد2016 يوليو18 ( 1437 الحادثة عن غير عمد، بعدم كل سائق ثبتت مسؤوليته عن حادث سير وتسبب للغير، نتيجة هذه,moto,,,sanction,عدم | الحادثه | تاثير | احترام | تحت,1,1,0,0,0,0,1,0,0,0
ART_170,170,: أعاله ملا يلي169 يتعرض مرتكبو املخالفات املنصوص عليها في املادة توقيف رخصة السياقة ملدة ثالثة أشهر إلى سنة ؛- 1 أعاله، إلغاء رخصة السياقة مع املنع169 في الحاالت املنصوص عليها في الفقرة الثانية من املادة- 2,non_specifie,,,definition,الحكم | هما | الجنايي | معا | الفصل,0,0,0,0,0,0,1,1,0,0
ART_171,171,من13 بتاريخ1.16.106 الصادر بتنفيذه الظهري الرشيف رقم116.14 (غريت مبوجب املادة األوىل من القانون رقم )5874 :)، ص2016 أغسطس11( 1437 ذي القعدة7 بتاريخ6490 )، ج.ر عدد2016 يوليو18 ( 1437 شوال يخضع لزوما، بأمر من وكيل امللك، لخبرة طبية كل شخص، ضحية حادثة سير أدلى للمحكمة,non_specifie,,,sanction,سير | حادثه | االولي | الفقره | امللك,0,0,0,0,0,0,0,0,0,0
ART_172,172,من13 بتاريخ1.16.106 الصادر بتنفيذه الظهري الرشيف رقم116.14 (غريت مبوجب املادة األوىل من القانون رقم )5874 :)، ص2016 أغسطس11( 1437 ذي القعدة7 بتاريخ6490 )، ج.ر عدد2016 يوليو18 ( 1437 شوال كل سائق ثبتت مسؤوليته عن حادثة سير وتسبب، نتيجة هذه الحادثة، بعدم تبصره أو عدم,moto,500.0,,sanction,عدم | الحادثه | تاثير | احترام | تحت,1,1,0,0,0,0,1,0,0,0
ART_173,173,: أعاله ملا يلي172 يتعرض مرتكبو املخالفات املنصوص عليها في املادة توقيف رخصة السياقة ملدة سنة إلى ثالث سنوات ؛- 1 أعاله، إلغاء رخصة السياقة مع املنع172 في الحاالت املنصوص عليها في الفقرة الثانية من املادة- 2,non_specifie,,,definition,الحكم | هما | الجنايي | معا | الفصل,0,0,0,0,0,0,1,1,0,0
ART_174,174,يجب على اإلدارة، في حالة عدم توصلها بنسخة من الحكم بتوقيف رخصة السياقة، أن ترجع الرخصة . أعاله173 و170 و168 إلى صاحبها، عند انصرام املدة القصوى املنصوص عليها في املواد الجنح املتعلقة بسلوك السائق,non_specifie,,,definition,الحكم | املده | القصوي | بتوقيف | انصرام,0,0,0,0,0,0,0,0,0,0
ART_175,175,) درهم وبتوقيف رخصة السياقة8.000( ) إلى ثمانية آالف4.000( يعاقب بغرامة من أربعة آالف : ملدة تتراوح ما بين شهر واحد وثالثة أشهر، كل سائق ارتكب إحدى املخالفات التالية - كلم في الساعة ؛50 تجاوز السرعة القصوى املسموح بها بما يعادل أو يفوق,non_specifie,,,obligation,االف | شهر | بين | ملده | اشهر,1,0,0,0,0,0,0,0,1,0
ART_176,176,) درهم وبتوقيف رخصة السياقة3.000( ) إلى ثالثة آالف1.200( يعاقب بغرامة من ألف ومائتين : ملدة تتراوح ما بين شهر واحد وثالثة أشهر، كل سائق ارتكب إحدى املخالفات التالية -	عدم تشغيل جهاز قياس السرعة وزمن السياقة ؛,non_specifie,200.0,,obligation,عدم | وزمن | قياس | املده | ومايتين,1,0,0,0,0,0,0,0,1,0
ART_177,177,يعاقب مالك املركبة عن تجاوز الوزن اإلجمالي املأذون به للمركبة محملة، املقيد في شهادة التسجيل، بما .) درهم عن كل طن من الحمولة الزائدة2.000( ) إلى ألفي1.200( بغرامة من ألف ومائتين% 40 يفوق .يعتبر كل جزء من الطن يتجاوز خمسمائة كيلوغرام بمثابة طن,vehicule_motorise,200.0,,obligation,ارتكاب | بمثابه | يعاقب | ومايتين | كيلوغرام,0,0,0,0,0,0,0,0,1,0
ART_178,178,دون اإلخالل بالعقوبات األشد، يعاقب عن تجاوز الوزن املأذون به عند املرور بإحدى منشآت )4.000( ) إلى أربعة آالف1.500( العبور، بالحبس من شهر إلى ثالثة أشهر وبغرامة من ألف وخمسمائة .درهم عن كل طن زائد أو بإحدى هاتين العقوبتين فقط,non_specifie,,,obligation,باحدي | ملده | عالوه | ذلك | بمثابه,0,0,0,0,0,0,0,0,1,0
ART_179,179,يمنع القيام في الطرق السيارة واملسالك املوصلة إليها بسباقات املركبات ذات محرك أو التظاهرات .الرياضية األخرى أيا كان اسمها األمانة العامة للحكومة,voiture,200.0,,obligation,املوصله | تسير | االخري | الف | عشرين,0,0,0,0,0,0,0,0,0,0
ART_180,180,.يمنع القيام في الطرق السيارة واملسالك املوصلة إليها بسباقات الراجلين أو الدراجات ) درهم، كل من خالف أحكام الفقرة3.000( ) إلى ثالثة آالف1.200( يعاقب بغرامة من ألف ومائتين ) درهم، منظمو سباقات الراجلين3.000( ) إلى ثالثة آالف1.200( يعاقب بغرامة من ألف ومائتين,voiture,200.0,,obligation,ومايتين | املوصله | تسير | الف | الدراجات,0,0,0,0,0,0,0,0,0,0
ART_181,181,من13 بتاريخ1.16.106 الصادر بتنفيذه الظهري الرشيف رقم116.14 (غريت مبوجب املادة األوىل من القانون رقم )5874 :)، ص2016 أغسطس11( 1437 ذي القعدة7 بتاريخ6490 )، ج.ر عدد2016 يوليو18 ( 1437 شوال )1200( دون اإلخالل بالعقوبات التي يتعرض لها ألي سبب آخر، يعاقب بغرامة من ألف ومائتين,non_specifie,2000.0,,sanction,رفض | االمر | الصادره | ومايتين | احد,0,0,0,0,0,0,0,0,0,0
ART_182,182,من هذا القانون، يعاقب بالحبس من شهر إلى ستة172 و169 و167 دون اإلخالل بأحكام املواد ،) درهم أو بإحدى هاتين العقوبتين فقط10.000( ) إلى عشرة آالف2.000( أشهر وبغرامة من ألفين كل سائق ارتكب حادثة سير أو تسبب في وقوعها ولم يتوقف وحاول، سواء بالفرار أو بتغيير حالة,non_specifie,,,obligation,ملده | الحادثه | تتراوح | يتوقف | املدنيه,0,0,0,0,0,0,0,0,1,0
ART_183,183,الصادر بتنفيذه الظهري الرشيف116.14 (غريت مبوجب املادة األوىل من القانون رقم 6490 )، ج.ر عدد2016 يوليو18 ( 1437 من شوال13 بتاريخ1.16.106 رقم )5874 :)، ص2016 أغسطس11( 1437 ذي القعدة7 بتاريخ,vehicule_motorise,,,obligation,تاثير | واحده | الكحول | يسوق | تحت,0,1,0,0,0,0,0,0,1,0
ART_184,184,من13 بتاريخ1.16.106 الصادر بتنفيذه الظهري الرشيف رقم116.14 (متمت مبوجب املادة األوىل من القانون رقم )5874 :)، ص2016 أغسطس11( 1437 ذي القعدة7 بتاريخ6490 )، ج.ر عدد2016 يوليو18 ( 1437 شوال ) إلى ألف700( يعاقب كل شخص ارتكب مخالفة من الدرجة األولى بغرامة من سبعمائة,voiture,400.0,,sanction,ورقه | وزمن | السيار | عدم | قياس,1,0,1,0,0,0,0,0,1,0
ART_185,185,من13 بتاريخ1.16.106 الصادر بتنفيذه الظهري الرشيف رقم116.14 (غريت ومتمت مبوجب املادة األوىل من القانون رقم )5875 :)، ص2016 أغسطس11( 1437 ذي القعدة7 بتاريخ6490 )، ج.ر عدد2016 يوليو18 ( 1437 شوال ) درهم، كل شخص ارتكب مخالفة من الدرجة1.000( ) إلى ألف500( يعاقب بغرامة من خمسمائة,moto,500.0,,sanction,السيار | والدراجات | عدم | العجالت | احترام,1,0,1,1,0,0,0,0,1,0
ART_186,186,من13 بتاريخ1.16.106 الصادر بتنفيذه الظهري الرشيف رقم116.14 (غريت مبوجب املادة األوىل من القانون رقم )5875 :)، ص2016 أغسطس11( 1437 ذي القعدة7 بتاريخ6490 )، ج.ر عدد2016 يوليو18 ( 1437 شوال دون اإلخالل بالعقوبات األشد، املنصوص عليها في هذا القانون أو في نص تشريعي خاص، يعاقب,non_specifie,600.0,,sanction,الدرجه | املنصوص | تطبيقا | اجل | االشد,0,0,0,0,0,0,0,0,1,0
ART_187,187,) درهما عن كل مخالفة لقواعد السير املقررة50( ) إلى خمسين20( يعاقب بغرامة من عشرين . أعاله94 تطبيقا للمادة مخالفة خاصة بسائقي وحراس الحيوانات,non_specifie,50.0,,definition,مخالفه | تطبيقا | عشرين | خاصه | املقرره,0,0,0,0,0,0,0,0,0,0
ART_188,188,: ) درهم600( ) إلى ستمائة300( يعاقب بغرامة من ثالثمائة كل سائق أو حارس لقطعان أو حيوانات ترك قطعانه أو حيواناته في الطريق العمومية، أو سمح- 1 لها بالتجول أو الرعي فيها، ومالك القطعان أو الحيوانات في حالة نقص ملحوظ في حراسة القطعان,non_specifie,600.0,,obligation,سايق | يسوق | الطرق | فيها | الفرع,0,0,0,0,0,0,0,0,0,0
ART_189,189,ال يعاقب على عدم وجود أو عدم كفاية أضواء املركبات، املنصوص عليها في هذا القانون وفي النصوص الصادرة لتطبيقه، إذا ثبت أن عدم وجودها أو عدم كفايتها ناتج عن سبب عارض طرأ خالل .السير على الطريق العمومية وأن السائق تداركه بإنارة ارتجالية كافية لإلشارة إلى وجود مركبته,non_specifie,,,definition,عدم | وجود | االول | السايق | املخالفات,0,0,0,0,0,0,0,0,0,0
ART_190,190,عالوة على ضباط وأعوان الشرطة القضائية، يكلف بالبحث عن املخالفات ألحكام هذا القانون : والنصوص الصادرة لتطبيقه ومعاينتها الضباط واألعوان التابعون للدرك امللكي ؛- 1,non_specifie,,,definition,والنصوص | املخالفات | لتطبيقه | الصادره | الحكام,0,0,0,0,0,0,0,0,0,0
ART_191,191,من شوال13 بتاريخ1.16.106 الصادر بتنفيذه الظهري الرشيف رقم116.14 (متمت مبوجب املادة األوىل من القانون رقم )5875 :)، ص2016 أغسطس11( 1437 ذي القعدة7 بتاريخ6490 )، ج.ر عدد2016 يوليو18 ( 1437 : يؤهل، وفقا لهذا القانون، الضباط واألعوان املشار إليهم في املادة السابقة، للقيام بما يلي,non_specifie,,,sanction,االحتفاظ | املركبات | مراقبه | لهذا | الصادره,0,0,0,0,0,0,0,0,0,0
ART_192,192,أعاله، أن يحملوا خالل ممارسة املراقبة على190 يجب على الضباط واألعوان املشار إليهم في املادة الطريق العمومية شارة خاصة تظهر على الخصوص، االسم الشخظصي والعائلي للضابط أو العون . املعني وصفته وصورته ورقمه املنهي,non_specifie,,,definition,السيار | الطريق | لدن | عند | املركبات,0,0,0,0,0,0,0,0,0,0
ART_193,193,من هذا القانون، على كل مستعمل181 يجب، تحت طائلة العقوبات املنصوص عليها في املادة أعاله والذين يستوفون190 للطريق العمومية االمتثال ألوامر الضباط واألعوان املشار إليهم في املادة . أعاله192 الشروط املحددة في املادة,non_specifie,,,definition,للطريق | يجب | اليهم | العقوبات | تحت,0,0,0,0,0,0,0,0,0,0
ART_194,194,يجب على العون محرر املحضر، ألجل معاينة مخالفة ألحكام هذا القانون وللنصوص الصادرة إيقاف املركبة املعنية ؛- 1 طلب مستندات السير الخاصة بالسائق وباملركبة ؛- 2,non_specifie,,,definition,املخالفه | لتطبيقه | الصادره | باملخالفه | محضر,0,0,0,0,0,0,0,0,0,0
ART_195,195,من13 بتاريخ1.16.106 الصادر بتنفيذه الظهري الرشيف رقم116.14 (غريت مبوجب املادة األوىل من القانون رقم )5876 :)، ص2016 أغسطس11( 1437 ذي القعدة7 بتاريخ6490 )، ج.ر عدد2016 يوليو18 ( 1437 شوال ، من القانون املتعلق باملسطرة الجنائية أو في هذا القانون24 عالوة على البيانات املشار إليها في املادة,vehicule_motorise,,,sanction,السرعه | املسجله | الوزن | املحضر | املخالفه,1,0,0,0,0,0,0,0,0,0
ART_196,196,يوثق بمضمن املحاضر املحررة في مكان املخالفة، أو اعتمادا على التقييدات اإللكترونية، بموجب .هذا القانون إلى أن يثبت ما يخالف ذلك بأية وسيلة من وسائل اإلثبات بعض وسائل معاينة املخالفات,non_specifie,,,definition,وسايل | بموجب | املحرره | القسم | يثبت,0,0,0,0,0,0,0,0,0,0
ART_197,197,يمكن أن تتم معاينة وإثبات املخالفات ألحكام هذا القانون والنصوص الصادرة لتطبيقه املتعلقة بتجاوز السرعة املسموح بها وتلك املحددة قائمتها من لدن اإلدارة، باستعمال أجهزة تقنية، تعمل . بطريقة آلية، حتى في حالة عدم وجود العون محرر املحضر بمكان املخالفة,non_specifie,,,definition,لدن | الذكر | الجاري | املراقبه | اجهزه,1,0,0,0,0,0,0,0,0,0
ART_198,198,من شوال13 بتاريخ1.16.106 الصادر بتنفيذه الظهري الرشيف رقم116.14 (غريت مبوجب املادة األوىل من القانون رقم )5876 :)، ص2016 أغسطس11( 1437 ذي القعدة7 بتاريخ6490 )، ج.ر عدد2016 يوليو18 ( 1437 : تسجل، على الخصوص، بواسطة نظام املراقبة واملعاينة اآللية للمخالفات، املعلومات التالية,non_specifie,,,sanction,ورقم | املعلومات | بطاقه | املخالفه | الوطنيه,0,0,0,0,0,0,0,0,0,0
ART_199,199,: أعاله خصوصا إلى ما يلي198 تهدف املعالجة اآللية للمعلومات املشار إليها في املادة مراقبة ومعاينة املخالفات ألحكام هذا القانون والنصوص الصادرة لتطبيقه ؛- 1 تدبير العمليات الالزمة ملعالجة املخالفات من أجل تبليغها إلى املخالفين ؛- 2,non_specifie,,,definition,املختصه | املخالفات | اليها | الغرامات | السلطات,0,0,0,0,0,0,0,0,0,0
ART_200,200,من13 بتاريخ1.16.106 الصادر بتنفيذه الظهري الرشيف رقم116.14 (غريت مبوجب املادة األوىل من القانون رقم )5876 :)، ص2016 أغسطس11( 1437 ذي القعدة7 بتاريخ6490 )، ج.ر عدد2016 يوليو18 ( 1437 شوال . أعاله، يتم وضع محضر باملخالفة197 إذا جرت معاينة مخالفة وفق الشروط املحددة في املادة,non_specifie,,,sanction,باملخالفه | االشعار | السرعه | يلي | تسجيل,1,0,0,0,0,0,0,0,0,0
ART_201,201,من شوال13 بتاريخ1.16.106 الصادر بتنفيذه الظهري الرشيف رقم116.14 (متمت مبوجب املادة األوىل من القانون رقم )5876:)، ص2016 أغسطس11( 1437 ذي القعدة7 بتاريخ6490 )، ج.ر عدد2016 يوليو18 ( 1437 أعاله، يجب أن تتضمن محاضر املخالفات التي ترتكز195 عالوة على البيانات املشار إليها في املادة,non_specifie,,,sanction,البيانات | املحضر | مكان | محرر | املخالفه,0,0,0,0,0,0,0,0,0,0
ART_202,202,يوثق بمضمن محاضر املخالفات التي ترتكز معاينتها على أدلة مادية تقدمها أجهزة تعمل بطريقة آلية، مع عدم وجود العون محرر املحضر في مكان ارتكاب املخالفة، إلى أن يثبت ما يخالف مضمن هذه .املحاضر بأية وسيلة من وسائل اإلثبات,non_specifie,,,definition,وجود | وسايل | اجهزه | يثبت | مكان,0,0,0,0,0,0,0,0,0,0
ART_203,203,إذا تعذر التعرف على مكان الشخص صاحب شهادة تسجيل املركبة أو في حالة رفض املعني باألمر تلقي التبليغ باإلشعار باملخالفة أو في حالة عدم أداء الغرامة التصالحية والجزافية، يوجه محضر .املخالفة إلى وكيل امللك لدى املحكمة املختصة,non_specifie,,,definition,باملخالفه | محضر | امللك | لدي | وكيل,0,0,0,0,0,0,0,0,0,0
ART_204,204,تسلم وفقا للكيفيات املحددة من لدن اإلدارة إلى املخالف أو إلى صاحب شهادة تسجيل املركبة أو إلى املسؤول املدني عنها وبطلب صريح منه، نسخة من صورة املخالفة التي التقطتها أجهزة املراقبة . أعاله197 واملعاينة اآللية املشار إليها في املادة,non_specifie,,,definition,املسوول | عنها | نسخه | تسلم | اجهزه,0,0,0,0,0,0,0,0,0,0
ART_205,205,يتم استخالص مبالغ الغرامات التصالحية والجزافية املتعلقة باملخالفات التي جرت معاينتها وفقا ألحكام هذا الفرع، من قبل كتاب الضبط لدى املحاكم ومحصلي الخزينة العامة للمملكة . واآلمرين بالصرف بإدارة الجمارك والضرائب غير املباشرة,non_specifie,,,definition,غير | لدي | لالداره | الغرامات | اخري,0,0,0,0,0,0,0,0,0,0
ART_206,206,) يوما إلى اإلدارة، لتتبع املعلومات15( يجب أن توجه نسخ من املحاضر داخل أجل خمسة عشر . من هذا القانون136 إلى120 ومعالجتها وفقا ألحكام املواد .يسري األجل املشار إليه أعاله ابتداء من يوم معاينة املخالفة,non_specifie,,,definition,معاينه | تاثير | الكحول | توجه | القسم,0,1,0,0,0,0,0,0,0,0
ART_207,207,يمكن لضباط الشرطة القضائية، إما بتعليمات من وكيل امللك وإما بمبادرة منهم، ويمكن لألعوان محرري املحاضر، بأمر من ضباط الشرطة القضائية وتحت مسؤوليتهم، أن يفرضوا رائزا للنفس : بواسطة النفخ في جهاز للكشف عن مستوى تشبع الهواء املنبعث من الفم بالكحول,vehicule_motorise,,,definition,الشرطه | محرري | القضاييه | يسوق | املحاضر,0,1,0,0,0,0,0,0,0,0
ART_208,208,أعاله من افتراض وجود نسبة من الكحول في نفس املعني207 إذا مكن الرائز املشار إليه في املادة باألمر، تحددها اإلدارة، أو إذا رفض املعني باألمر الخضوع للرائز املذكور، قام ضباط أو أعوان .الشرطة القضائية بالتحققات الهادفة إلى إثبات الحالة الكحولية لدى املعني باألمر,non_specifie,,,definition,باالمر | املعني | لدي | قام | وجود,0,1,0,0,0,0,0,0,0,0
ART_209,209,تنجز التحققات الهادفة إلى إثبات الحالة الكحولية عن طريق التحاليل والفحوصات الطبية السريرية والبيولوجية أو بواسطة جهاز يمكن من تحديد تركز الكحول من خالل تحليل الهواء .املنبعث من الفم، شريطة أن يكون الجهاز املذكور مطابقا لنوع مصادق عليه,non_specifie,,,definition,شريطه | الطبيه | اثبات | الكحول | جهاز,0,1,0,0,0,0,0,0,0,0
ART_210,210,إذا أنجزت التحققات عن طريق التحاليل والفحوصات الطبية السريرية والبيولوجية، وجب .االحتفاظ بعينة وفقا للنصوص الجاري بها العمل,non_specifie,,,definition,الطبيه | وجب | االحتفاظ | الجاري | طريق,0,0,0,0,0,0,0,0,0,0
ART_211,211,إذا أنجزت التحققات املذكورة بواسطة جهاز يمكن من تحديد تركز الكحول، من خالل تحليل .الهواء املنبعث من الفم، جاز القيام على الفور بمراقبة ثانية، بعد التحقق من حسن اشتغال الجهاز .تجرى هذه املراقبة بقوة القانون، إذا طلبها املعني باألمر وذلك على نفقته,non_specifie,,,definition,الكحول | جهاز | باالمر | بواسطه | املعني,0,1,0,0,0,0,0,0,0,0
ART_212,212,، أعاله، نتيجة لعجز بدني مثبت من لدن طبيب207 إذا استحال الخضوع للرائز املشار إليه في املادة قام ضباط أو أعوان الشرطة القضائية بالتحققات الهادفة إلى إثبات الحالة الكحولية بواسطة .التحاليل والفحوصات الطبية السريرية والبيولوجية,non_specifie,,,definition,مواد | تاثير | قام | الطبيه | اثبات,0,1,0,0,0,0,0,0,0,0
ART_213,213,أعاله207 يأمر ضباط أو أعوان الشرطة القضائية بإخضاع األشخاص املشار إليهم في املادة الختبارات الكشف إلثبات ما إذا كان الشخص املعني قد استعمل مواد مخدرة أو أستعمل أدوية .تحظر السياقة بعد تناولها. وتحدد اإلدارة الئحة هذه األدوية,non_specifie,,,definition,الكشف | مواد | اليهم | الشرطه | الشخص,0,0,0,0,0,0,0,0,0,0
ART_214,214,،إذا تبين أن اختبارات الكشف إيجابية، أو إذا رفض املعني باألمر الخضوع لالختبارات املذكورة أو إذا كان في حالة يستحيل عليه فيها الخضوع لها، عمل ضباط أو أعوان الشرطة القضائية على إجراء تحققات تتمثل في تحاليل أو فحوص طبية سريرية وبيولوجية، إلثبات ما إذا كان الشخص,non_specifie,,,definition,الخضوع | املعني | الكشف | مواد | الشرطه,0,0,0,0,0,0,0,0,0,0
ART_215,215,3 و2 يجب ألجل القيام باالختبارات والتحاليل والفحوص املنصوص عليها في القسمين الفرعيين أعاله، أن يكون األجل الفاصل بين ساعة وقوع الحادثة أو ساعة ارتكاب املخالفة أو ساعة مراقبة .املعني باألمر وساعة االختبارات والتحاليل والفحوص املذكورة أقصر ما يمكن في نفس اليوم,non_specifie,,,definition,ساعه | الحادثه | االحتفاظ | مراقبه | الثاني,0,0,0,0,0,0,0,0,0,0
ART_216,216,من13 بتاريخ1.16.106 الصادر بتنفيذه الظهري الرشيف رقم116.14 (غريت مبوجب املادة األوىل من القانون رقم )5876 :)، ص2016 أغسطس11( 1437 ذي القعدة7 بتاريخ6490 )، ج.ر عدد2016 يوليو18 ( 1437 شوال عالوة على حاالت االحتفاظ برخصة السياقة املنصوص عليها في القانون، يجب على العون محرر,non_specifie,,,sanction,االحتفاظ | العون | املحضر | برخصه | توقف,0,0,0,0,0,0,0,0,0,0
ART_217,217,من13 بتاريخ1.16.106 الصادر بتنفيذه الظهري الرشيف رقم116.14 (متمت مبوجب املادة األوىل من القانون رقم )5876 .)، ص2016 أغسطس11( 1437 ذي القعدة7 بتاريخ6490 )، ج.ر عدد2016 يوليو18 ( 1437 شوال ،يجب، ما لم ينص هذا القانون على خالف ذلك، أن يوجه املحضر والوثائق املتعلقة بإثبات املخالفة,non_specifie,,,sanction,امللك | وكيل | االجل | بالنسبه | ابتداء,0,0,0,0,0,0,0,0,0,0
ART_218,218,بتاريخ1.16.106 الصادر بتنفيذه الظهري الرشيف رقم116.14 (نسخت وعوضت مبوجب املادة الثانية من القانون رقم )5881 :)، ص2016 أغسطس11( 1437 ذي القعدة7 بتاريخ6490 )، ج.ر عدد2016 يوليو18 ( 1437 من شوال13 يقوم العون محرر املحضر باالحتفاظ بشهادة التسجيل أو برخصة السياقة أو سند امللكية في,non_specifie,,,sanction,الحامل | املحرره | املحضر | التسجيل | العون,0,0,0,0,0,0,0,0,0,0
ART_219,219,من13 بتاريخ1.16.106 الصادر بتنفيذه الظهري الرشيف رقم116.14 (غريت ومتمت مبوجب املادة األوىل من القانون رقم )5876 :)، ص2016 أغسطس11( 1437 ذي القعدة7 بتاريخ6490 )، ج.ر عدد2016 يوليو18 ( 1437 شوال من هذا القانون، موضوع187 و186 و185 و184 يمكن أن تكون املخالفات املشار إليها في املواد,non_specifie,700.0,,sanction,الدرجه | االداء | املخالفات | موضوع | درهم,0,0,0,0,0,0,0,0,1,0
ART_220,220,يقترح العون محرر املحضر على املخالف، عند معاينة إحدى املخالفات املشار إليها في الفقرة أعاله، أداء الغرامة التصالحية والجزافية. ويجوز كذلك للمخالف أن يطلب أداء219 األولى من املادة .الغرامة املذكورة,non_specifie,,,sanction,اداء | محرر | العون | الغرامه | املحضر,0,0,0,0,0,0,0,0,0,0
ART_222,222,من13 بتاريخ1.16.106 الصادر بتنفيذه الظهري الرشيف رقم116.14 (غريت مبوجب املادة األوىل من القانون رقم )5877 :)، ص2016 أغسطس11( 1437 ذي القعدة7 بتاريخ6490 )، ج.ر عدد2016 يوليو18 ( 1437 شوال في حالة املعاينة اآللية للمخالفة، يجب أن يتضمن اإلشعار باملخالفة املوجه إلى املخالف، عمال,non_specifie,,,sanction,باملخالفه | االشعار | والجزافيه | التصالحيه | الغرامه,0,0,0,0,0,0,0,0,0,0
ART_223,223,:يتم األداء الفوري للغرامة، بصفة نهائية أو برسم اإليداع، كما يلي . بجميع وسائل األداء األخرى التي تحددها اإلدارة- 3,non_specifie,,,definition,االداء | االيداع | االخري | وسايل | بصفه,0,0,0,0,0,0,0,0,0,0
ART_224,224,من13 بتاريخ1.16.106 الصادر بتنفيذه الظهري الرشيف رقم116.14 (متمت مبوجب املادة األوىل من القانون رقم )5877 :)، ص2016 أغسطس11( 1437 ذي القعدة7 بتاريخ6490 )، ج.ر عدد2016 يوليو18 ( 1437 شوال يتم األداء الفوري للغرامة التصالحية والجزافية إلى العون محرر املحضر، بعد إعداده محضر,non_specifie,,,sanction,املحضر | االداء | نسخه | الغرامه | اداء,0,0,0,0,0,0,0,0,0,0
ART_225,225,يجب على العون محرر املحضر، إذا كان الحامل املحررة فيه رخصة السياقة قابال ألن تسجل عليه املعلومات في شكل إلكتروني، وكان العون يتوفر على الجهاز الالزم لذلك، أن يسجل على هذا الحامل .املعلومات املتعلقة باملخالفة,non_specifie,,,definition,املعلومات | العون | الحامل | محرر | املحضر,0,0,0,0,0,0,0,0,0,0
ART_226,226,من13 بتاريخ1.16.106 الصادر بتنفيذه الظهري الرشيف رقم116.14 (غريت مبوجب املادة األوىل من القانون رقم )5877 :)، ص2016 أغسطس11( 1437 ذي القعدة7 بتاريخ6490 )، ج.ر عدد2016 يوليو18 ( 1437 شوال .يترتب على أداء الغرامة التصالحية والجزافية عدم تحريك الدعوى العمومية,non_specifie,,,sanction,بتاريخ | اداء | رقم | والجزافيه | التصالحيه,0,0,0,0,0,0,0,0,0,0
ART_227,227,بتاريخ1.16.106 الصادر بتنفيذه الظهري الرشيف رقم116.14 (نسخت وعوضت مبوجب املادة الثانية من القانون رقم )5881 :)، ص2016 أغسطس11( 1437 ذي القعدة7 بتاريخ6490 )، ج.ر عدد2016 يوليو18 ( 1437 من شوال13 في حالة عدم أداء الغرامة التصالحية والجزافية، يوجه امللف فورا إلى وكيل امللك. وتوجه نسخة,non_specifie,,,sanction,فورا | املحضر | يوجه | امللك | نسخه,0,0,0,0,0,0,0,0,0,0
ART_228,228,من13 بتاريخ1.16.106 الصادر بتنفيذه الظهري الرشيف رقم116.14 (غريت ومتمت مبوجب املادة األوىل من القانون رقم )5877 :)، ص2016 أغسطس11( 1437 ذي القعدة7 بتاريخ6490 )، ج.ر عدد2016 يوليو18 ( 1437 شوال في حالة عدم األداء الفوري للغرامة التصالحية والجزافية وفقا ألحكام هذا القانون، يجب على,vehicule_motorise,,,sanction,محل | ملكيه | االجل | سند | تسجيل,0,0,0,0,0,0,0,0,0,0
ART_229,229,أعاله، إذا كان حامل رخصة السياقة يمكن من تسجيل املعلومات228 استثناء من أحكام املادة في شكل إلكتروني، فإن املعلومات املتعلقة باالحتفاظ برخصة السياقة واإلذن بالسياقة وتوقيف رخصة السياقة املشار إليها في املادة املذكورة، يتم تسجيلها على هذا الحامل، ويصبح االحتفاظ,non_specifie,,,definition,املعلومات | برخصه | السياقه | فان | شكل,0,0,0,0,0,0,0,0,0,0
ART_230,230,.يمكن للمخالف أن ينازع في املخالفة أعاله، بواسطة شكاية معللة222 و221 تقدم املنازعة في املخالفات، داخل األجل املحدد في املادتين أو إلى العون محرر املحضر الذي عاين املخالفة ؛- 2,non_specifie,,,definition,باملخالفه | عنها | امللك | االشعار | املخالفه,0,0,0,0,0,0,0,0,0,0
ART_231,231,من13 بتاريخ1.16.106 الصادر بتنفيذه الظهري الرشيف رقم116.14 (غريت مبوجب املادة األوىل من القانون رقم )5878 - 5877 :)، ص2016 أغسطس11( 1437 ذي القعدة7 بتاريخ6490 )، ج.ر عدد2016 يوليو18 ( 1437 شوال ال تقبل املنازعة في املخالفة إال إذا قام املخالف بإيداع مبلغ الحد األقظصى للغرامة املحدد في,non_specifie,,,sanction,لدي | املذكور | املحدد | تحدد | املخالف,0,0,0,0,0,0,0,0,0,0
ART_232,232,بتاريخ1.16.106 الصادر بتنفيذه الظهري الرشيف رقم116.14 (نسخت وعوضت مبوجب املادة الثانية من القانون رقم )5881 :)، ص2016 أغسطس11( 1437 ذي القعدة7 بتاريخ6490 )، ج.ر عدد2016 يوليو18 ( 1437 من شوال13 أيام من5 إذا نازع املخالف في املخالفة، وجب أن يوجه املحضر إلى وكيل امللك داخل أجل ال يتجاوز,non_specifie,,,sanction,ايام | امللك | وعوضت | وجب | وكيل,0,0,0,0,0,0,0,0,0,0
ART_233,233,أعاله مرفقا باإلثباتات املتعلقة باملعاينة اآللية232 يجب أن يكون املحضر املشار إليه في املادة .وبرخصة السياقة في حالة االحتفاظ بها,non_specifie,,,definition,االحتفاظ | املحضر | بها | املتعلقه | حاله,0,0,0,0,0,0,0,0,0,0
ART_234,234,يجوز للمخالف، قبل أن تبت املحكمة في املوضوع، أن يؤدي ثلثي الحد أألقظصى للغرامة املحددة في . أعاله وأن يسحب شكايته187 و186 و185 و184 املواد األمانة العامة للحكومة,non_specifie,,,definition,االقظصي | الحد | املحكمه | املواد | املحدده,0,0,0,0,0,0,0,0,0,0
ART_235,235,من القانون املتعلق375 عندما تثبت املخالفة ضد املخالف، ال يجوز أن تطبق عليه أحكام املادة .باملسطرة الجنائية في حالة منازعة تعسفية,non_specifie,,,definition,عندما | احكام | تثبت | الجناييه | تطبق,0,0,0,0,0,0,0,0,0,0
ART_236,236,في حالة حفظ املحاضر من قبل النيابة العامة، أو في حالة صدور مقرر بعدم املتابعة أو باإلدانة أو أي مقرر يبت في موضوع قضية عرضت على محكمة، تنفيذا ألحكام هذا القانون أو للنصوص الصادرة لتطبيقه، يوجه وكيل امللك على الفور، إلى اإلدارة نسخة من محضر املخالفة ومنطوق,non_specifie,,,definition,بعدم | مقرر | الحكام | باالدانه | محضر,0,0,0,0,0,0,0,0,0,0
ART_237,237,توجه النيابة العامة نسخا من املقررات أو منطوقا لألحكام، الصادرة تنفيذا ألحكام هذا القانون أو للنصوص الصادرة لتطبيقه، التي حازت قوة الآشيء املقغضي به، إلى اإلدارة داخل أجل أقصاه .)يوما من تاريخ صدور املقرر15(خمسة عشر,non_specifie,,,definition,الصادره | املقرر | النيابه | قوه | توجه,0,0,0,0,0,0,0,0,0,0
ART_238,238,ما عدا في حالة األداء الفوري لغرامة تصالحية وجزافية أو في حالة اإليداع املنصوص عليه في أعاله، إذا لم يثبت مرتكب املخالفة توفره على إقامة فوق التراب الوطني، يتم توقيف231 املادة املركبة التي ارتكبت بها املخالفة إلى أن يودع مرتكب املخالفة مبلغا يحدده وكيل امللك، لدى كتابات,non_specifie,,,definition,لدي | االداء | امللك | وكيل | تعليم,0,0,0,0,0,0,0,0,0,0
ART_239,239,ال يمكن أن يلقن تعليم السياقة أو التربية على السالمة الطرقية، إال من قبل مؤسسة يتوقف . فتحها واستغاللها على رخصة تسلمها اإلدارة لهذا الغرض ،تسلم الرخصة املشار إليها أعاله إلى كل شخص ذاتي أو معنوي يلتزم بالتقيد ببنود دفتر للتحمالت,non_specifie,,,definition,املوسسه | التربيه | تعليم | الطرقيه | دورات,0,0,0,0,0,0,0,0,0,0
ART_240,240,تسلم الرخصة بفتح واستغالل مؤسسة لتعليم السياقة أو مؤسسة للتربية على السالمة الطرقية : بمقابل، للمترشحين الذين تتوفر فيهم الشروط التالية : بالنسبة لألشخاص الذاتيين )أ,non_specifie,,,definition,خضع | اال | موسسه | لالشخاص | بالنسبه,0,0,0,0,0,0,0,0,0,0
ART_241,241,يجب أن يتولى تسيير كل مؤسسة لتعليم السياقة أو مؤسسة للتربية على السالمة الطرقية مدير : تتوفر فيه الشروط التالية أال تقل سنه إحدى وعشرين سنة شمسية كاملة ؛- 1,non_specifie,,,definition,الشخص | موسسه | اال | سنه | الشروط,0,0,0,0,0,0,0,0,0,0
ART_242,242,،يجب على مدير مؤسسة تعليم السياقة أو مدير مؤسسة التربية على السالمة الطرقية أن يسهر باستمرار، على حسن التسيير اإلداري والبيداغوجي للمؤسسة وفقا ألحكام هذا القانون والنصوص .الصادرة لتطبيقه,non_specifie,,,definition,تعليم | موسسه | التربيه | الطرقيه | السالمه,0,0,0,0,0,0,0,0,0,0
ART_243,243,يجب أن يكون التعليم امللقن في مؤسسات تعليم السياقة مطابقا للبرنامج الوطني لتعليم السياقة .املحدد من لدن اإلدارة يجب أن يكون تنظيم الدورات في التربية على السالمة الطرقية مطابقا للمواصفات املحددة من,non_specifie,,,definition,لدن | الوطني | تعليم | لتعليم | املحدد,0,0,0,0,0,0,0,0,0,0
ART_244,244,ال يمكن فتح أية مؤسسة لتعليم السياقة أو للتربية على السالمة الطرقية للعموم، إال بعد قيام أعوان اإلدارة بمعاينة مطابقة محال وتجهيزات تعليم السياقة أو التربية على السالمة الطرقية وكذا 239 املوارد البشرية التي تتوفر عليها املؤسسة املذكورة لبنود دفتر التحمالت املشار إليه في املادة,non_specifie,,,definition,الطرقيه | املوسسه | السالمه | فتح | للتربيه,0,0,0,0,0,0,0,0,0,0
ART_245,245,يجب أن يلقن تعليم السياقة أو تنشيط دورات التربية على السالمة الطرقية من قبل مدرب لتعليم .السياقة أو منشط لدورات التربية على السالمة الطرقية مرخص لهما من لدن اإلدارة أو منشط لدورات التربية على ال يجوز أن يطلب الحصول على رخصة مدرب لتعليم السياقة,moto,,,definition,منشط | مدرب | دورات | التربيه | تعليم,0,0,0,0,0,0,0,0,0,0
ART_246,246,يجب على أرباب ومسيري مؤسسات تعليم السياقة أو التربية على السالمة الطرقية الخضوع لعمليات التفتيش التي يقوم بها األعوان أو الهيئات املؤهلة لهذا الغرض من لدن اإلدارة، والتي يراد بها التحقق من التقيد بأحكام هذا القانون والنصوص الصادرة لتطبيقه وببنود دفتر التحمالت املشار,non_specifie,,,definition,بها | والتي | دفتر | التحمالت | تعليم,0,0,0,0,0,0,0,0,0,0
ART_247,247,ال يجوز التخلي عن أية مؤسسة لتعليم السياقة أو للتربية على السالمة الطرقية إال لفائدة شخص . أعاله240 معنوي أو ذاتي تتوفر فيه الشروط املنصوص عليها في املادة,non_specifie,,,definition,لفايده | للتربيه | تتوفر | معنوي | ايه,0,0,0,0,0,0,0,0,0,0
ART_248,248,يجب على املتخلي واملتخلى له، في حالة التخلي عن مؤسسة لتعليم السياقة أو للتربية على السالمة الطرقية، تقديم تصريح مشترك إلى اإلدارة، قبل إبرام عقد التخلي، يلتزم فيه املتخلى له باحترام بنود . أعاله239 دفتر التحمالت املشار إليه في املادة,non_specifie,,,definition,للتربيه | تقديم | دفتر | التحمالت | تقوم,0,0,0,0,0,0,0,0,0,0
ART_249,249,،الطرقية في حالة وفاة الحاصل على رخصة باستغالل مؤسسة لتعليم السياقة أو للتربية على السالمة .) أشهر من تاريخ الوفاة3( يجب على ذوي حقوقه التصريح بذلك إلى اإلدارة ، داخل أجل ثالثة ،يجوز لذوي الحقوق االستمرار في استغالل املؤسسة مدة سنة من تاريخ التصريح، يجب خاللها,non_specifie,,,definition,تاريخ | املوسسه | سحب | للتربيه | تقديم,0,0,0,0,0,0,0,0,0,0
ART_250,250,،الطرقية يجب على الحاصلين على رخصة باستغالل مؤسسة لتعليم السياقة أو للتربية على السالمة .قبل توقيف أو إنهاء نشاطهم، إخبار اإلدارة بذلك، بواسطة رسالة مضمونة مع اإلشعار باالستالم,non_specifie,,,definition,الحاصلين | االشعار | باالستالم | رساله | مضمونه,0,0,0,0,0,0,0,0,0,0
ART_251,251,الصادر بتنفيذه الظهري الرشيف116.14 (غريت ومتمت مبوجب املادة األوىل من القانون رقم 6490 )، ج.ر عدد2016 يوليو18 ( 1437 من شوال13 بتاريخ1.16.106 رقم )5878 :)، ص2016 أغسطس11( 1437 ذي القعدة7 بتاريخ,non_specifie,,,sanction,الحصول | منشط | دورات | مدرب | بطاقه,0,0,0,0,0,0,0,0,0,0
ART_252,252,يجوز للجمعيات التي تزاول نشاطها في مجال اإلدماج أو إعادة اإلدماج االجتماعي واملنهي تلقين التربية على السالمة الطرقية، شريطة الحصول على رخصة تسلمها اإلدارة، التي تتأكد في هذه الحالة . أعاله246 إلى239 من توفر الشروط املنصوص عليها في املواد,non_specifie,,,definition,شريطه | الحاله | التربيه | التي | املواد,0,0,0,0,0,0,0,0,0,0
ART_253,253,أعاله، أن تكون الجمعية متوفرة على252 يجب للحصول على الرخصة املشار إليها في املادة : الشروط التالية أن يكون مصرحا بها وفقا للتشريع املنظم لحق تأسيس الجمعيات ؛- 1,non_specifie,,,definition,موسسه | للحصول | الدوله | احد | تثبت,0,0,0,0,0,0,0,0,0,0
ART_254,254,يجب على الجمعيات املذكورة في املادة السابقة أن تقدم سنويا إلى اإلدارة تقريرا عن نشاطها في .مجال تلقين التربية على السالمة الطرقية وفق الشروط املحددة من لدن اإلدارة العقوبات والتدابير اإلدارية والعقوبات الزجرية,non_specifie,,,definition,االداريه | العقوبات | السابقه | االول | الثاني,0,0,0,0,0,0,0,0,0,0
ART_255,255,بتاريخ1.16.106 الصادر بتنفيذه الظهري الرشيف رقم116.14 (نسخت وعوضت مبوجب املادة الثانية من القانون رقم )5881 :)، ص2016 أغسطس11( 1437 ذي القعدة7 بتاريخ6490 )، ج.ر عدد2016 يوليو18 ( 1437 من شوال13 أعاله، خالل عملية تفتيش مؤسسة لتعليم246 إذا عاين األعوان أو الهيئات املشار إليهم في املادة,non_specifie,,,sanction,االغالق | املوسسه | موسسه | تمت | اليهم,0,0,0,0,0,0,0,0,0,0
ART_256,256,من شوال13 بتاريخ1.16.106 الصادر بتنفيذه الظهري الرشيف رقم116.14 (غريت مبوجب املادة األوىل من القانون رقم )5878 :)، ص2016 أغسطس11( 1437 ذي القعدة7 بتاريخ6490 )، ج.ر عدد2016 يوليو18 ( 1437 تسحب اإلدارة، بصفة نهائية الرخصة بفتح واستغالل مؤسسة لتعليم السياقة أو للتربية على,non_specifie,,,sanction,الرخصه | تسحب | بفتح | الحاصل | اجل,0,0,0,0,0,0,0,0,0,0
ART_257,257,: تسحب رخصة املدرب أو املنشط بصفة مؤقتة إذا اتخذ في حق الحاصل عليها إجراء بتوقيف رخصة السياقة ؛- 1 إذا كان يعاني عجزا بدنيا مؤقتا يتنافى مع تعليم سياقة املركبات ذات محرك أو مع تنشيط- 2,non_specifie,,,definition,دورات | تسحب | تعليم | بتوقيف | الحاصل,0,0,0,0,0,0,0,0,0,0
ART_258,258,: تسحب نهائيا رخصة املدرب أو املنشط من قبل اإلدارة إذا لم يعد الحاصل عليها متوفرا على الشروط املنصوص عليها في هذا القانون والنصوص- 1 الصادرة لتطبيقه ؛,non_specifie,,,definition,ارتكب | عليها | للحصول | تسحب | املذكوره,0,0,0,0,0,0,0,0,0,0
ART_259,259,) درهم، كل شخص فتح أو استغل60.000( ) إلى ستين ألف30.000( يعاقب بغرامة من ثالثين ألف .مؤسسة لتعليم سياقة املركبات أو للتربية على السالمة الطرقية بمقابل دون أن يكون مرخصا له بذلك ) إلى مائة وعشرين60.000( يعاقب مرتكب املخالفة، إذا كان شخصا معنويا، بغرامة من ستين ألف,non_specifie,60.0,,obligation,ستين | الف | بغرامه | دون | يعاقب,0,0,0,0,0,0,0,0,1,0
ART_260,260,) درهم، كل حاصل علي30.000( ) إلى ثالثين ألف15.000( يعاقب بغرامة من خمسة عشر ألف رخصة بفتح واستغالل مؤسسة تعليم السياقة أو التربية على السالمة الطرقية، شغل وهو يعلم بذلك مديرا أو مدربين أو منشطين ال يتوفر فيهم أو لم يعد يتوفر فيهم شرط أو أكثر من الشروط,non_specifie,60.0,,obligation,الف | يتوفر | ثالثين | بغرامه | ستين,0,0,0,0,0,0,0,0,1,0
ART_261,261,) درهم، كل مدير مؤسسة20.000( ) إلى عشرين ألف10.000( يعاقب بغرامة من عشرة آالف . أعاله242 أو ال يحترم أحكام املادة241 ال يتقيد بأحكام املادة .) درهم40.000( ) إلى أربعين ألف20.000( في حالة العود، يعاقب املخالف بغرامة من عشرين ألف,non_specifie,,,obligation,عشرين | الف | بغرامه | يعاقب | درهم,0,0,0,0,0,0,0,0,1,0
ART_262,262,) درهم، كل5.000( ) إلى خمسة آالف2.000( يعاقب بالحبس من شهر إلى سنة وبغرامة من ألفين حاصل على رخصة بفتح واستغالل مؤسسة لتعليم السياقة أو مؤسسة للتربية على السالمة الطرقية أو كل مدير أو مدرب أو منشط باملؤسسة املذكورة، غش أو ساعد على الغش أو قدم تصريحات كاذبة,non_specifie,,,obligation,موسسه | الطرقيه | منشط | السالمه | مدرب,0,0,0,0,0,0,0,0,0,0
ART_263,263,) درهم، كل شخص ذاتي أو معنوي60.000( ) إلى ستين ألف30.000( يعاقب بغرامة من ثالثين ألف قام باستغالل مؤسسة لتعليم السياقة أو مؤسسة للتربية على السالمة الطرقية، بعد أن صدر في .حقه مقرر باإلغالق املؤقت للمؤسسة أو بالسحب النهائي للرخصة,non_specifie,60.0,,obligation,موسسه | الف | ستين | قام | للتربيه,0,0,0,0,0,0,0,0,1,0
ART_264,264,: ) درهم10.000( ) إلى عشرة آالف5.000( يعاقب بغرامة من خمسة آالف ، كل شخص زاول مهنة مدرب في تعليم السياقة أو منشط دورات التربية على السالمة الطرقية- 1 دون الحصول على رخصة بذلك ؛,non_specifie,,,obligation,منشط | دورات | مدرب | تعليم | التربيه,0,0,0,0,0,0,0,0,1,0
ART_265,265,) درهم، كل شخص زاول مهنة10.000( ) إلى عشرة آالف5.000( يعاقب بغرامة من خمسة آالف مدرب في تعليم السياقة أو منشط دورات التربية على السالمة الطرقية، بعد أن صدر في حقه مقرر .بالسحب املؤقت للرخصة,non_specifie,,,obligation,االف | منشط | دورات | مدرب | حقه,0,0,0,0,0,0,0,0,1,0
ART_266,266,من هذا القانون، اإلدارة أو مراكز املراقبة التقنية66 تقوم باملراقبة التقنية املشار إليها في املادة .املرخص لها لهذا الغرض من لدن اإلدارة مراكز وشبكات املراقبة التقنية,non_specifie,,,definition,مراكز | التقنيه | املراقبه | تقوم | الغرض,0,0,0,0,0,0,0,0,0,0
ART_267,267,الصادر بتنفيذه الظهري الرشيف116.14 (غريت مبوجب املادة األوىل من القانون رقم 6490 )، ج.ر عدد2016 يوليو18 ( 1437 من شوال13 بتاريخ1.16.106 رقم )5878 :)، ص2016 أغسطس11( 1437 ذي القعدة7 بتاريخ,non_specifie,,,sanction,بفتح | واستغالل | التقنيه | للمراقبه | املراقبه,0,0,0,0,0,0,0,0,0,0
ART_268,268,من13 بتاريخ1.16.106 الصادر بتنفيذه الظهري الرشيف رقم116.14 (غريت مبوجب املادة األوىل من القانون رقم )5878 :)، ص2016 أغسطس11( 1437 ذي القعدة7 بتاريخ6490 )، ج.ر عدد2016 يوليو18 ( 1437 شوال : أعاله الشروط التالية267 يجب أن تتوفر في األشخاص املعنوية املشار إليها في املادة,non_specifie,,,sanction,خضع | اال | االشخاص | القضاييه | التاليه,0,0,0,0,0,0,0,0,0,0
ART_269,269,: يجب أن يتولى تسيير كل مركز للمراقبة التقنية شخص تتوفر فيه الشروط التالية أال تقل سنه عن إحدى وعشرين سنة شمسية كاملة ؛- 1 األمانة العامة للحكومة,non_specifie,,,definition,اال | سنه | خضع | باالدانه | كامله,0,0,0,0,0,0,0,0,0,0
ART_270,270,يمنع على مراكز وعلى شبكات مراكز الفحص التقني مزاولة أي نشاط مرتبط بإصالح السيارات .أو االتجار فيها,non_specifie,,,definition,مراكز | يمنع | وعلي | الفحص | السيارات,0,0,0,0,0,0,0,0,0,0
ART_271,271,ال تمنح الرخصة بفتح أي مركز للمراقبة التقنية للعموم إال بعد قيام أعوان اإلدارة بمعاينة مطابقة محال وتجهيزات املراقبة التقنية واملوارد البشرية باملركز املذكور لبنود دفتر التحمالت املشار إليه . أعاله267 في املادة,non_specifie,,,definition,الرخصه | التقنيه | بمعاينه | بفتح | دفتر,0,0,0,0,0,0,0,0,0,0
ART_272,272,.يجب أن يتولى عملية املراقبة التقنية عون فاحص مرخص له من قبل اإلدارة : ال يجوز أن يطلب الحصول على رخصة عون فاحص إال الشخص الذي تتوفر فيه الشروط التالية أال تقل سنه عن إحدى وعشرين سنة شمسية كاملة ؛- 1,non_specifie,,,definition,العون | يثبت | اال | لدن | سنه,0,0,0,0,0,0,0,0,0,0
ART_273,273,يجب على الحاصل على رخصة بفتح واستغالل شبكة ملراكز املراقبة التقنية، أن يعين شخصا أعاله، يكون مسؤوال عن التقيد بأحكام268 من املادة2 ذاتيا تتوفر فيه الشروط املحددة في البند هذا القانون والنصوص الصادرة لتطبيقه، ويجب عليه، لهذا الغرض، أن يتأكد باستمرار من حسن,non_specifie,,,definition,الغرض | املراقبه | لهذا | التقنيه | املحدده,0,0,0,0,0,0,0,0,0,0
ART_274,274,يجب على الحاصل على رخصة بفتح واستغالل مركز أو شبكة ملراكز املراقبة التقنية وعلى الشخص أعاله وعلى مسيري مراكز املراقبة التقنية واألعوان273 املشار إليه في الفقرة األولى من املادة الفاحصين الخضوع لعمليات التفتيش التي يقوم بها األعوان أو الهيآت املؤهلون لهذا الغرض من,non_specifie,,,definition,وعلي | املراقبه | مراكز | بها | التقنيه,0,0,0,0,0,0,0,0,0,0
ART_275,275,ال يجوز التخلي عن أية شبكة ملراكز املراقبة التقنية إال لفائدة شخص معنوي تتوفر فيه الشروط . أعاله268 املنصوص عليها في املادة ،يجب على املتخلي واملتخلى له، لهذا الغرض، تقديم تصريح مشترك إلى اإلدارة، قبل إبرام العقد,non_specifie,,,definition,لفايده | يجب | تقديم | شبكه | دفتر,0,0,0,0,0,0,0,0,0,0
ART_276,276,ال يجوز التخلي عن مركز للمراقبة التقنية إال لفائدة شخص معنوي يتوفر على رخصة باستغالل .شبكة ملراكز املراقبة التقنية ال يجوز منح الترخيص بالتخلي، عندما يترتب على التخلي عن مركز للمراقبة التقنية تخفيض عدد,non_specifie,,,definition,مركز | للمراقبه | التقنيه | اال | لفايده,0,0,0,0,0,0,0,0,0,0
ART_277,277,من13 بتاريخ1.16.106 الصادر بتنفيذه الظهري الرشيف رقم116.14 (غريت مبوجب املادة األوىل من القانون رقم )5878 :)، ص2016 أغسطس11( 1437 ذي القعدة7 بتاريخ6490 )، ج.ر عدد2016 يوليو18 ( 1437 شوال إذا توفي الحاصل على رخصة بفتح واستغالل مركز للمراقبة التقنية، وجب على ذوي حقوقه,non_specifie,,,sanction,املركز | تاريخ | تقديم | بفتح | طلب,0,0,0,0,0,0,0,0,0,0
ART_278,278,يجب على الحاصلين على رخصة باستغالل مركز أو شبكة ملراكز املراقبة التقنية، قبل توقيف أو .إنهاء نشاطهم، إخبار اإلدارة بذلك في رسالة مضمونة مع إشعار باالستالم ) أشهر ولم يتم إخبار3( يؤدي إلى سحب الرخصة، كل توقيف أو إنهاء للنشاط ملدة تزيد عن ثالثة,non_specifie,,,definition,االداريه | العقوبات | توقيف | سحب | الحاصلين,0,0,0,0,0,0,0,0,0,0
ART_279,279,بتاريخ1.16.106 الصادر بتنفيذه الظهري الرشيف رقم116.14 (نسخت وعوضت مبوجب املادة الثانية من القانون رقم )5881 :)، ص2016 أغسطس11( 1437 ذي القعدة7 بتاريخ6490 )، ج.ر عدد2016 يوليو18 ( 1437 من شوال13 أعاله، خالل عملية تفتيش مركز للمراقبة274 إذا عاين األعوان أو الهيآت املشار إليهم في املادة,non_specifie,50.0,,sanction,املركز | االغالق | التوقيف | فتح | مراكز,0,0,0,0,0,0,0,0,0,0
ART_280,280,بتاريخ1.16.106 الصادر بتنفيذه الظهري الرشيف رقم116.14 (نسخت وعوضت مبوجب املادة الثانية من القانون رقم )5882 :)، ص2016 أغسطس11( 1437 ذي القعدة7 بتاريخ6490 )، ج.ر عدد2016 يوليو18 ( 1437 من شوال13 : تسحب اإلدارة الرخصة بفتح واستغالل شبكة ملراكز املراقبة التقنية في الحاالت التالية,non_specifie,,,sanction,الحاصل | الرخصه | تسحب | بفتح | ملده,0,0,0,0,0,0,0,0,0,0
ART_281,281,من شوال13 بتاريخ1.16.106 الصادر بتنفيذه الظهري الرشيف رقم116.14 (غريت مبوجب املادة األوىل من القانون رقم )5878 :)، ص2016 أغسطس11( 1437 ذي القعدة7 بتاريخ6490 )، ج.ر عدد2016 يوليو18 ( 1437 : تسحب اإلدارة رخصة العون الفاحص بصفة مؤقتة,non_specifie,,,sanction,العون | تسحب | تطبيق | يفوق | اخري,0,0,0,0,0,0,0,0,0,0
ART_282,282,: تسحب نهائيا رخصة العون الفاحص من لدن اإلدارة إذا لم يعد الحاصل عليها متوفرا على الشروط املنصوص عليها في هذا القانون والنصوص- 1 الصادرة لتطبيقه ؛,non_specifie,,,definition,وفقا | الحكام | ثبتت | تسحب | املذكوره,0,0,0,0,0,0,0,0,0,0
ART_283,283,) درهم، كل شخص فتح أو استغل60.000( ) إلى ستين ألف30.000( يعاقب بغرامة من ثالثين ألف شبكة ملراكز املراقبة التقنية للمركبات أو فتح أو استغل مركزا للمراقبة التقنية للمركبات دون أن .يكون مرخصا له بذلك,non_specifie,60.0,,obligation,ستين | فتح | الف | للمركبات | درهم,0,0,0,0,0,0,0,0,1,0
ART_284,284,من شوال13 بتاريخ1.16.106 الصادر بتنفيذه الظهري الرشيف رقم116.14 (غريت مبوجب املادة األوىل من القانون رقم )5878 :)، ص2016 أغسطس11( 1437 ذي القعدة7 بتاريخ6490 )، ج.ر عدد2016 يوليو18 ( 1437 ) درهم كل حاصل على رخصة فتح60.000( ) إلى ستين ألف30.000( يعاقب بغرامة من ثالثين ألف,non_specifie,60.0,,obligation,فتح | الف | يتوفر | للمركبات | واستغالل,0,0,0,0,0,0,0,0,1,0
ART_285,285,) درهم، كل حاصل على رخصة40.000( ) إلى أربعين ألف20.000( يعاقب بغرامة من عشرين ألف وذلك دون اإلخالل273 فتح واستغالل شبكة ملراكز املراقبة التقنية للمركبات ال يتقيد بأحكام املادة . أعاله280 بأحكام املادة,non_specifie,70.0,,obligation,الف | درهم | بغرامه | يعاقب | فتح,0,0,0,0,0,0,0,0,1,0
ART_286,286,من13 بتاريخ1.16.106 الصادر بتنفيذه الظهري الرشيف رقم116.14 (غريت مبوجب املادة األوىل من القانون رقم )5879 :)، ص2016 أغسطس11( 1437 ذي القعدة7 بتاريخ6490 )، ج.ر عدد2016 يوليو18 ( 1437 شوال )100.000( ) درهم إلى مائة ألف20.000( يعاقب بالحبس من شهر إلى سنة وبغرامة من عشرين ألف,vehicule_motorise,100.0,,obligation,ملركبه | للمراقبه | وبغرامه | بالحبس | ثالث,0,0,0,0,0,0,0,0,1,0
ART_287,287,) درهم، كل شخص قام باستغالل60.000( ) إلى ستين ألف30.000( يعاقب بغرامة من ثالثين ألف .مركز للمراقبة التقنية للمركبات بعد أن صدر في حقه مقرر باإلغالق املؤقت أو باإلغالق النهائي للمركز .في حالة العود، ترفع العقوبة إلى الضعف,non_specifie,60.0,,obligation,الف | ستين | قام | للمركبات | حقه,0,0,0,0,0,0,0,0,1,0
ART_288,288,: ) درهم5.000( ) إلى خمسة آالف2.500( يعاقب بغرامة من ألفين وخمسمائة - أعاله ؛272 كل شخص زاول مهنة عون فاحص دون التوفر على الرخصة املنصوص عليها في املادة كل عون فاحص استمر في مزاولة املهنة بعد أن صدر في حقه مقرر بالسحب النهائي أو بالسحب,non_specifie,500.0,,obligation,مايه | الف | املحكمه | درهم | العقوبه,0,0,0,0,0,0,0,0,1,0
ART_289,289,دون اإلخالل باملوانع املقررة في أحكام تشريعية أخرى واملتعلقة بما يلحق بالطريق العمومية من : تخريب أو تلف أو ضرر، يمنع القيام باألفعال التالية الترامي على محرم الطريق العمومية ؛- 1,non_specifie,,,definition,محرم | سيار | املوصله | الطريق | العموميه,0,0,0,0,0,0,0,0,0,0
ART_290,290,دون اإلخالل بالعقوبات األشد وبالرغم من األحكام املخالفة، يعاقب بغرامة من ألفين وخمسمائة ) درهم، كل من ارتكب، بسبب تهوره أو عدم احتياطه7.500( ) إلى سبعة آالف وخمسمائة2.500( أو عدم انتباهه أو إهماله أو عدم احترامه لألحكام التشريعية والتنظيمية أو نتيجة سوء حالة املركبة,non_specifie,500.0,,obligation,عدم | بسبب | والتنظيميه | البنود | يحكم,0,0,0,0,0,0,0,0,1,0
ART_291,291,)500( دون اإلخالل بالعقوبات األشد وبالرغم من األحكام املخالفة، يعاقب بغرامة من خمسمائة . أعاله289 من املادة7 ) درهم، كل من خالف أحكام البند2.500( إلى ألفين وخمسمائة 7 يحكم على املخالف، عالوة على ذلك، بمصاريف إصالح اللوحة أو التجهيز املشار إليهما في البند,non_specifie,500.0,,obligation,البند | االولي | خمسمايه | يحكم | الذكر,0,0,0,0,0,0,0,0,1,0
ART_292,292,) إلى1.000( دون اإلخالل بالعقوبات األشد وبالرغم من األحكام املخالفة، يعاقب بغرامة من ألف . أعاله289 من املادة8 ) درهم، كل من خالف أحكام البند2.000( ألفي عالوة على ذلك، يمكن لإلدارة املدبرة للطريق السيار أو لصاحب االمتياز حجز املواد والبضائع,non_specifie,289.0,,obligation,للطريق | السيار | فورا | لالداره | السلطات,0,0,0,0,0,0,0,0,1,0
ART_293,293,أعاله ودون اإلخالل بالعقوبة املنصوص عليها في289 من املادة9 في حالة خرق أحكام البند أعاله، يمكن لإلدارة املدبرة للطريق السيار أو لصاحب االمتياز أن يعمل على إيداع الحيوانات184 املادة .التي ترعى في محرم الطريق السيار أو في مسلك من املسالك املوصلة إلى الطريق السيار في املحجز,non_specifie,,,definition,السيار | محرم | املوصله | الطريق | للطريق,0,0,0,0,0,0,0,0,0,0
ART_294,294,من17 أعاله، تطبق أحكام الفرع السابع من املادة289 من املادة10 في حالة خرق أحكام البند .. غير أن الغرامة املطبقة تساوي ست مرات الرسم الواجب أداؤه1997-1996 قانون املالية .في حالة العود، ترفع العقوبة املشار إليها في الفقرة األولى أعاله إلى الضعف,non_specifie,,,obligation,احكام | الواجب | البند | حاله | تطبق,0,0,0,0,0,0,0,0,1,0
ART_295,295,أعاله، على كل شخص معنوي ساهم أو شارك في294 و293 و292و291 و290 تطبق أحكام املواد .ارتكاب األفعال املعاقب عليها في املواد املذكورة األعمال التي يتوقف القيام بها على الطريق العمومية,non_specifie,,,definition,املواد | يتوقف | القسم | معنوي | الثاني,0,0,0,0,0,0,0,0,0,0
ART_296,296,: يمنع، إال برخصة سابقة تمنحها اإلدارة، القيام بما يلي إجراء عمليات الحفر في محرم الطريق العمومية ؛- 1 إنجاز تجويفات فيما وراء حدود محرم الطريق العمومية، على مسافة تقل عن عشرة أمتار من- 2,non_specifie,,,definition,محرم | الطريق | العموميه | فتح | يمنع,0,0,0,0,0,0,0,0,0,0
ART_297,297,دون اإلخالل بالعقوبات األشد وبالرغم من األحكام املخالفة، يعاقب بغرامة من خمسة آالف . أعاله296 من املادة8 و7 و5 و2 و1 ) درهم، كل خرق ألحكام البنود10.000( ) إلى عشرة آالف5.000( يحكم على املخالف، عالوة على ذلك، بمصاريف إرجاع األماكن إلى حالتها األولى ومصاريف,non_specifie,296.0,,obligation,االف | االولي | البنود | يحكم | االحكام,0,0,0,0,0,0,0,0,1,0
ART_298,298,دون اإلخالل بالعقوبات األشد وبالرغم من األحكام املخالفة، يعاقب بغرامة من ألف ومائتين . أعاله296 من املادة3 ) درهم، كل خرق ألحكام البند5.000( ) إلى خمسة آالف1.200( يحكم على املخالف، عالوة على ذلك، بمصاريف إصالح األماكن ودفع القيمة املقدرة للمواد أو,non_specifie,296.0,,obligation,البند | ومايتين | يحكم | اليها | الذكر,0,0,0,0,0,0,0,0,1,0
ART_299,299,4 يوجه إلى كل شخص أقدم على غرس أشجار أو إقامة أسيجة دون رخصة، خالفا ألحكام البند . أعاله، إنذار إلزالتها داخل أجل ثالثين يوما296 من املادة دون اإلخالل بالعقوبات األشد وبالرغم من األحكام املخالفة، إذا انصرم هذا األجل من غير إزالة,non_specifie,,,obligation,دون | ومايتين | باداء | االحكام | يوجه,0,0,0,0,0,0,0,0,1,0
ART_300,300,)500( دون اإلخالل بالعقوبات األشد وبالرغم من األحكام املخالفة، يعاقب بغرامة من خمسمائة . أعاله296 من املادة6 ) درهم، كل خرق ألحكام البند1.000( إلى ألف .في حالة العود، ترفع العقوبة املشار إليها في الفقرة األولى أعاله إلى الضعف,non_specifie,296.0,,obligation,خمسمايه | االحكام | االشد | بالعقوبات | البند,0,0,0,0,0,0,0,0,1,0
ART_301,301,دون اإلخالل بالعقوبات األشد وبالرغم من األحكام املخالفة، يعاقب بغرامة من ثالثة آالف . أعاله296 من املادة9 ) درهم، كل خرق ألحكام البند5.000( ) إلى خمسة آالف3.000( .يحكم على املخالف، عالوة على ذلك، بمصاريف إصالح األماكن وإعادتها إلى حالتها األولى,non_specifie,296.0,,obligation,االف | االولي | يحكم | االحكام | االشد,0,0,0,0,0,0,0,0,1,0
ART_302,302,دون اإلخالل بالعقوبات األشد وبالرغم من األحكام املخالفة، يعاقب بغرامة من مائة ألف ) درهم، كل من ارتكب، بسبب تهوره أو عدم احتياطه أو عدم200.000( ) إلى مائتي ألف100.000( . أعاله296 من املادة10 انتباهه أو تهاونه أو عدم احترام األنظمة، خرقا ألحكام البند,non_specifie,200.0,,obligation,عدم | الف | االولي | بسبب | يحكم,0,0,0,0,0,0,0,0,1,0
ART_303,303,أعاله، على كل شخص معنوي ساهم302و301 و300 و299 و298 و297 تطبق أحكام املواد .أو شارك في ارتكاب األفعال املعاقب عليها في املواد املذكورة,non_specifie,,,definition,املواد | معنوي | تطبق | ارتكاب | شخص,0,0,0,0,0,0,0,0,0,0
ART_304,304,من13 بتاريخ1.16.106 الصادر بتنفيذه الظهري الرشيف رقم116.14 (غريت مبوجب املادة األوىل من القانون رقم )5879 :)، ص2016 أغسطس11( 1437 ذي القعدة7 بتاريخ6490 )، ج.ر عدد2016 يوليو18 ( 1437 شوال يخضع لرخصة مسبقة كل استعمال للطرق العمومية من قبل أي شخص ذاتي أو معنوي يقوم أو,non_specifie,500.0,,sanction,دفتر | الرخصه | العموميه | التحمالت | الطريق,0,0,0,0,0,0,0,0,1,0
ART_305,305,ال تطبق أحكام هذا القانون على السكك الحديدية املمتدة على قرارة الطريق العمومية وال على .املركبات التي تسير على قضبان تلك السكك غير أنه يجب على سائقي الحافالت الكهربائية(ترامواي) احترام قواعد السير على الطريق العمومية,non_specifie,,,definition,تسير | الطريق | العموميه | قواعد | احترام,0,0,0,0,0,0,0,0,0,0
ART_306,306,على املركبات الخاصة79 إلى70 واملواد من66 و65 و64 واملواد51 إلى45 ال تطبق أحكام املواد من .بالقوات املسلحة امللكية .تكون هذه املركبات التي تتكفل املصالح التقنية للدفاع الوطني بتسلمها محل تسجيل خاص,non_specifie,,,definition,محل | املركبات | الوطني | امللكيه | تطبق,0,0,0,0,0,0,0,0,0,0
ART_307,307,من هذا القانون على رخص السياقة املؤقتة املحصل23 ال تطبق أحكام الفقرة الثانية من املادة .عليها قبل تاريخ دخول هذا القانون حيز التنفيذ نقطة وتطبق على الحاصل عليها، خالل20 يخصص لرخص السياقة املؤقتة املذكورة رصيد من,non_specifie,,,definition,تطبق | مده | احكام | عليها | نقطه,0,0,0,0,0,0,0,0,0,0
ART_308,308,تعتبر رخصة السياقة النهائية املسلمة قبل تاريخ دخول هذا القانون حيز التنفيذ رخصة سياقة .بعد انتهاء الفترة االختبارية وتطبق عليها أحكام هذا القانون األمانة العامة للحكومة,non_specifie,,,definition,املسلمه | احكام | حيز | انتهاء | التنفيذ,0,0,0,0,0,0,0,0,0,0
ART_309,309,من13 بتاريخ1.16.106 الصادر بتنفيذه الظهري الرشيف رقم116.14 (غريت ومتمت مبوجب املادة األوىل من القانون رقم )5879 :)، ص2016 أغسطس11( 1437 ذي القعدة7 بتاريخ6490 )، ج.ر عدد2016 يوليو18 ( 1437 شوال يجب على األشخاص الحاصلين على رخصة السياقة قبل تاريخ دخول هذا القانون حيز التنفيذ,vehicule_motorise,,,sanction,والتي | التنفيذ | حيز | دخول | املحرره,0,0,0,0,0,0,0,0,0,0
ART_310,310,يجب على أصحاب املركبات الخاضعة ألحكام هذا القانون التقيد بأحكامه وبمقتضيات النصوص .الصادرة لتطبيقه داخل أجل تحدده اإلدارة أعاله، يعفى السائقون بصفة مهنية املزاولون قبل تاريخ دخول هذا القانون40 خالفا ألحكام املادة,non_specifie,,,definition,بطاقه | بصفه | الحكام | الثانيه | وفق,0,0,0,0,0,0,0,0,0,0
ART_311,311,من13 بتاريخ1.16.106 الصادر بتنفيذه الظهري الرشيف رقم116.14 (غريت مبوجب املادة األوىل من القانون رقم )5879 :)، ص2016 أغسطس11( 1437 ذي القعدة7 بتاريخ6490 )، ج.ر عدد2016 يوليو18 ( 1437 شوال من هذا القانون حيز التنفيذ65 والفقرة الخامسة من املادة1 - 61 واملادة6 تدخل أحكام املادة,non_specifie,,,sanction,حيز | التنفيذ | بتاريخ | رقم | تحددها,0,0,0,0,0,0,0,0,0,0
ART_312,312,يحدد ألرباب مؤسسات تعليم سياقة السيارات ذات املحرك، املزاولين نشاطهم قبل تاريخ نشر هذا القانون في الجريدة الرسمية، أجل سنتين من تاريخ دخول هذا القانون حيز التنفيذ، للتقيد وإذا انصرم هذا األجل، اعتبروا كما لو قاموا بفتح واستغالل مؤسسة لتعليم السياقة بدون,non_specifie,,,definition,تاريخ | حيز | التنفيذ | دخول | سنتين,0,0,0,0,0,0,0,0,0,0
ART_313,313,يحدد لألشخاص الحاصلين على شهادة الكفاءة املهنية للمدرب في تعليم سياقة السيارات ذات املحرك، املزاولين عملهم في تاريخ نشر هذا القانون في الجريدة الرسمية، أجل سنة من تاريخ دخول . أعاله245 هذا القانون حيز التنفيذ لتقديم طلب رخصة طبقا ألحكام املادة,non_specifie,,,definition,مدرب | الحاصلين | حيز | التنفيذ | السيارات,0,0,0,0,0,0,0,0,0,0
ART_314,314,يستمر أرباب مراكز الفحص التقني املزاولون نشاطهم في تاريخ نشر هذا القانون في الجريدة الرسمية، في القيام بالفحص التقني وفق الرخصة املسلمة إليهم ودفتر التحمالت املرفق بها. غير أنه يجب عليهم داخل أجل سنتين من تاريخ دخول هذا القانون حيز التنفيذ، أن يجمعوا مراكزهم في شكل شبكة,non_specifie,,,definition,مراكز | للمراقبه | الفحص | شبكه | التقنيه,0,0,0,0,0,0,0,0,0,0
ART_315,315,يحدد لألشخاص الحاصلين على شهادة الكفاءة املهنية للعون الفاحص، املزاولين عملهم في تاريخ دخول هذا القانون حيز التنفيذ، أجل سنة من التاريخ املذكور لتقديم طلب رخصة طبقا ألحكام . أعاله272 املادة,non_specifie,,,definition,الحاصلين | حيز | التنفيذ | دخول | طلب,0,0,0,0,0,0,0,0,0,0
ART_316,316,من13 بتاريخ1.16.106 الصادر بتنفيذه الظهري الرشيف رقم116.14 (غريت مبوجب املادة األوىل من القانون رقم )5879 :)، ص2016 أغسطس11( 1437 ذي القعدة7 بتاريخ6490 )، ج.ر عدد2016 يوليو18 ( 1437 شوال : تنسخ، ابتداء من تاريخ دخول هذا القانون حيز التنفيذ,voiture,,,sanction,السيارات | الطرق | احكام | رقم | الصادر,0,0,0,0,0,0,0,0,0,0
ART_317,317,أعاله حيز التنفيذ وكيفيات تطبيقها، وذلك فيما يخص147 تحدد اإلدارة تاريخ دخول أحكام املادة .تحصيل الضريبة الخصوصية السنوية على السيارات والرسم على محور املحرك,non_specifie,,,definition,حيز | التنفيذ | دخول | السيارات | وذلك,0,0,0,0,0,0,0,0,0,0
ART_318,318,.2010 يدخل هذا القانون حيز التنفيذ ابتداء من فاتح أكتوبر األمانة العامة للحكومة الصادر بتنفيذه الظهير الشريف116.14 املادة الخامسة من القانون رقم,non_specifie,,,sanction,بمحرك | العجالت | ثالثيه | الطرق | والدراجات,0,0,0,0,0,0,0,0,0,0
